specification,outcome,coefficient,estimate,standard_error_player,ci_lower,ci_upper,p_value,n_observations,n_players,n_club_games,fe_max_error,pre_start,weight_method,omitted_dimension,omitted_value
leave_one_league_name_y_out,minutes_share,treated_x_acute,-0.0020144739635551967,0.027154228348750968,-0.055235783555083635,0.05120683562797324,0.9408620813938995,13184,824,1280,6.106226635438361e-16,-8,analysis_weight,league_name_y,Bundesliga
leave_one_league_name_y_out,minutes_share,treated_x_consolidated,0.08194764356116037,0.03004821779757329,0.023054218878301252,0.14084106824401948,0.006387338302935586,13184,824,1280,6.106226635438361e-16,-8,analysis_weight,league_name_y,Bundesliga
leave_one_league_name_y_out,minutes_share,treated_x_acute,0.035913656677777794,0.029100803430053362,-0.021122869966306468,0.09295018332186206,0.21716109632544045,11888,743,1248,6.106226635438361e-16,-8,analysis_weight,league_name_y,LaLiga
leave_one_league_name_y_out,minutes_share,treated_x_consolidated,0.07062028178652109,0.031581006339747114,0.008722646765085627,0.13251791680795655,0.025341087800987427,11888,743,1248,6.106226635438361e-16,-8,analysis_weight,league_name_y,LaLiga
leave_one_league_name_y_out,minutes_share,treated_x_acute,0.03130671165465965,0.02925565900104679,-0.026033326331377116,0.08864674964069641,0.284570746074714,12992,812,1248,4.996003610813204e-16,-8,analysis_weight,league_name_y,Ligue 1
leave_one_league_name_y_out,minutes_share,treated_x_consolidated,0.06824437860433974,0.03176213689109849,0.005991734225755697,0.1304970229829238,0.03166549402777852,12992,812,1248,4.996003610813204e-16,-8,analysis_weight,league_name_y,Ligue 1
leave_one_league_name_y_out,minutes_share,treated_x_acute,0.005464616996375925,0.027681055041921726,-0.048789253939861534,0.05971848793261338,0.8435038801795167,12752,797,1248,6.106226635438361e-16,-8,analysis_weight,league_name_y,Premier League
leave_one_league_name_y_out,minutes_share,treated_x_consolidated,0.10287581238849783,0.03216561790715747,0.039832359749992566,0.1659192650270031,0.0013823268589630011,12752,797,1248,6.106226635438361e-16,-8,analysis_weight,league_name_y,Premier League
leave_one_league_name_y_out,minutes_share,treated_x_acute,0.04420089596629843,0.027271869414951903,-0.009250985878086739,0.0976527778106836,0.10507115855767912,14144,884,1248,6.106226635438361e-16,-8,analysis_weight,league_name_y,Serie A
leave_one_league_name_y_out,minutes_share,treated_x_consolidated,0.09462089854059262,0.02710590263252255,0.04149430561239899,0.14774749146878624,0.0004816023006395387,14144,884,1248,6.106226635438361e-16,-8,analysis_weight,league_name_y,Serie A
leave_one_baseline_club_id_out,minutes_share,treated_x_acute,0.020556502719846215,0.025281940097555276,-0.028995189330661184,0.07010819477035361,0.41616623162401467,16064,1004,1552,6.106226635438361e-16,-8,analysis_weight,baseline_club_id,1003
leave_one_baseline_club_id_out,minutes_share,treated_x_consolidated,0.0825866892510593,0.027515542265843112,0.028657217394917167,0.13651616110720144,0.0026869187263922623,16064,1004,1552,6.106226635438361e-16,-8,analysis_weight,baseline_club_id,1003
leave_one_baseline_club_id_out,minutes_share,treated_x_acute,0.023291536099583277,0.025164730046109907,-0.026030428471465115,0.07261350067063167,0.3546732725381474,16128,1008,1552,6.106226635438361e-16,-8,analysis_weight,baseline_club_id,1005
leave_one_baseline_club_id_out,minutes_share,treated_x_consolidated,0.08348551877967526,0.0272597251928842,0.03005743917316305,0.13691359838618747,0.0021942625652027203,16128,1008,1552,6.106226635438361e-16,-8,analysis_weight,baseline_club_id,1005
leave_one_baseline_club_id_out,minutes_share,treated_x_acute,0.027282088709228883,0.02530510685740048,-0.022315009356213607,0.07687918677467137,0.2809776169275615,16160,1010,1552,6.106226635438361e-16,-8,analysis_weight,baseline_club_id,1025
leave_one_baseline_club_id_out,minutes_share,treated_x_consolidated,0.09011489853308612,0.027090738625222953,0.03701802651306099,0.14321177055311124,0.0008797248622869347,16160,1010,1552,6.106226635438361e-16,-8,analysis_weight,baseline_club_id,1025
leave_one_baseline_club_id_out,minutes_share,treated_x_acute,0.02460361534284499,0.025241391454551336,-0.024868602827752717,0.0740758335134427,0.329692756031974,16144,1009,1552,6.106226635438361e-16,-8,analysis_weight,baseline_club_id,1038
leave_one_baseline_club_id_out,minutes_share,treated_x_consolidated,0.08608707688113104,0.027251899000572892,0.032674336329685076,0.139499817432577,0.0015834482262775396,16144,1009,1552,6.106226635438361e-16,-8,analysis_weight,baseline_club_id,1038
leave_one_baseline_club_id_out,minutes_share,treated_x_acute,0.024305646538347082,0.025213655218708338,-0.025112209608931638,0.0737235026856258,0.3350522310708164,16048,1003,1552,6.106226635438361e-16,-8,analysis_weight,baseline_club_id,1041
leave_one_baseline_club_id_out,minutes_share,treated_x_consolidated,0.0860471768374744,0.027408280094924693,0.032327934973235946,0.13976641870171286,0.0016925998824492972,16048,1003,1552,6.106226635438361e-16,-8,analysis_weight,baseline_club_id,1041
leave_one_baseline_club_id_out,minutes_share,treated_x_acute,0.01964660712970701,0.025377311859486107,-0.03009201013932695,0.06938522439874097,0.4388243576301736,16032,1002,1552,6.106226635438361e-16,-8,analysis_weight,baseline_club_id,1049
leave_one_baseline_club_id_out,minutes_share,treated_x_consolidated,0.08022622585218536,0.02748822945421299,0.026350286123154792,0.13410216558121593,0.0035164485304308712,16032,1002,1552,6.106226635438361e-16,-8,analysis_weight,baseline_club_id,1049
leave_one_baseline_club_id_out,minutes_share,treated_x_acute,0.023403602446671688,0.025283903935269823,-0.026151938655027705,0.07295914354837107,0.3546370132508274,16000,1000,1552,6.106226635438361e-16,-8,analysis_weight,baseline_club_id,1050
leave_one_baseline_club_id_out,minutes_share,treated_x_consolidated,0.08641224423200158,0.02733777714846308,0.03283118560363185,0.13999330286037132,0.0015727726262739772,16000,1000,1552,6.106226635438361e-16,-8,analysis_weight,baseline_club_id,1050
leave_one_baseline_club_id_out,minutes_share,treated_x_acute,0.025765439616919208,0.025377844737035228,-0.0239742220729192,0.07550510130675761,0.3099757288150484,16080,1005,1552,6.106226635438361e-16,-8,analysis_weight,baseline_club_id,1082
leave_one_baseline_club_id_out,minutes_share,treated_x_consolidated,0.08191012136767287,0.0274299440888765,0.028148418855527574,0.13567182387981816,0.0028250750094906962,16080,1005,1552,6.106226635438361e-16,-8,analysis_weight,baseline_club_id,1082
leave_one_baseline_club_id_out,minutes_share,treated_x_acute,0.029948150074268126,0.025085396824626908,-0.01921832423989605,0.07911462438843231,0.23253744326751447,16064,1004,1552,6.106226635438361e-16,-8,analysis_weight,baseline_club_id,1095
leave_one_baseline_club_id_out,minutes_share,treated_x_consolidated,0.08226180489786476,0.027428045339805845,0.028503823865513638,0.13601978593021588,0.002707021448618896,16064,1004,1552,6.106226635438361e-16,-8,analysis_weight,baseline_club_id,1095
leave_one_baseline_club_id_out,minutes_share,treated_x_acute,0.023541637035465024,0.025331281016342435,-0.026106761438829326,0.07319003550975937,0.3527075054783979,16080,1005,1552,6.106226635438361e-16,-8,analysis_weight,baseline_club_id,11
leave_one_baseline_club_id_out,minutes_share,treated_x_consolidated,0.08433728121583044,0.02744240588724546,0.03055115402769939,0.13812340840396148,0.002117434160205267,16080,1005,1552,6.106226635438361e-16,-8,analysis_weight,baseline_club_id,11
leave_one_baseline_club_id_out,minutes_share,treated_x_acute,0.023291536099583284,0.025164730046109904,-0.0260304284714651,0.07261350067063167,0.3546732725381472,16128,1008,1552,6.106226635438361e-16,-8,analysis_weight,baseline_club_id,1147
leave_one_baseline_club_id_out,minutes_share,treated_x_consolidated,0.08348551877967526,0.027259725192884204,0.030057439173163045,0.1369135983861875,0.0021942625652027203,16128,1008,1552,6.106226635438361e-16,-8,analysis_weight,baseline_club_id,1147
leave_one_baseline_club_id_out,minutes_share,treated_x_acute,0.024927318169041018,0.02543630121783095,-0.02492691611781996,0.074781552455902,0.3270911065176525,16096,1006,1552,6.106226635438361e-16,-8,analysis_weight,baseline_club_id,1148
leave_one_baseline_club_id_out,minutes_share,treated_x_consolidated,0.08357316096807588,0.02751892243986468,0.02963706409258999,0.13750925784356177,0.0023899749805638137,16096,1006,1552,6.106226635438361e-16,-8,analysis_weight,baseline_club_id,1148
leave_one_baseline_club_id_out,minutes_share,treated_x_acute,0.0223204677642332,0.025350879073309632,-0.027366342195883818,0.07200727772435023,0.3786094650394536,16096,1006,1552,6.106226635438361e-16,-8,analysis_weight,baseline_club_id,1158
leave_one_baseline_club_id_out,minutes_share,treated_x_consolidated,0.08287680201556527,0.02747707761288248,0.02902271949390381,0.13673088453722673,0.0025595083244580596,16096,1006,1552,6.106226635438361e-16,-8,analysis_weight,baseline_club_id,1158
leave_one_baseline_club_id_out,minutes_share,treated_x_acute,0.02196479917872866,0.02535281023059496,-0.027725795780116084,0.07165539413757341,0.3862897773004672,16128,1008,1552,6.106226635438361e-16,-8,analysis_weight,baseline_club_id,12
leave_one_baseline_club_id_out,minutes_share,treated_x_consolidated,0.08266206491490231,0.027484902054129363,0.028792646770197813,0.13653148305960683,0.0026336759684424393,16128,1008,1552,6.106226635438361e-16,-8,analysis_weight,baseline_club_id,12
leave_one_baseline_club_id_out,minutes_share,treated_x_acute,0.02329153609958336,0.025164809538690613,-0.026030584274060253,0.07261365647322697,0.35467479258409984,16032,1002,1552,6.106226635438361e-16,-8,analysis_weight,baseline_club_id,12321
leave_one_baseline_club_id_out,minutes_share,treated_x_consolidated,0.08348551877967532,0.02725981130332133,0.030057270399807635,0.136913767159543,0.0021943334965390804,16032,1002,1552,6.106226635438361e-16,-8,analysis_weight,baseline_club_id,12321
leave_one_baseline_club_id_out,minutes_share,treated_x_acute,0.01855375605128515,0.024708803200748145,-0.029874608323269224,0.06698212042583952,0.4527148930908298,16048,1003,1552,6.106226635438361e-16,-8,analysis_weight,baseline_club_id,1237
leave_one_baseline_club_id_out,minutes_share,treated_x_consolidated,0.08543999861914071,0.02712877497165399,0.03226857673000726,0.13861142050827416,0.0016359299109631742,16048,1003,1552,6.106226635438361e-16,-8,analysis_weight,baseline_club_id,1237
leave_one_baseline_club_id_out,minutes_share,treated_x_acute,0.0230002850315028,0.025396947869878266,-0.026776818110699842,0.07277738817370544,0.3651307418094376,16032,1002,1552,6.106226635438361e-16,-8,analysis_weight,baseline_club_id,13
leave_one_baseline_club_id_out,minutes_share,treated_x_consolidated,0.08235741239665212,0.02748934320944887,0.02847928974747163,0.1362355350458326,0.002735679677623448,16032,1002,1552,6.106226635438361e-16,-8,analysis_weight,baseline_club_id,13
leave_one_baseline_club_id_out,minutes_share,treated_x_acute,0.02106637283650103,0.025498440219663528,-0.028909651655987068,0.07104239732898913,0.40870040143227127,15984,999,1552,6.106226635438361e-16,-8,analysis_weight,baseline_club_id,131
leave_one_baseline_club_id_out,minutes_share,treated_x_consolidated,0.07800437908112409,0.027430179385985208,0.024242215395120073,0.13176654276712813,0.004458700352982792,15984,999,1552,6.106226635438361e-16,-8,analysis_weight,baseline_club_id,131
leave_one_baseline_club_id_out,minutes_share,treated_x_acute,0.02671887282643925,0.025303195378830398,-0.02287447880984866,0.07631222446272716,0.29099171496851595,16096,1006,1552,6.106226635438361e-16,-8,analysis_weight,baseline_club_id,1420
leave_one_baseline_club_id_out,minutes_share,treated_x_consolidated,0.08894494984445983,0.027369942889827158,0.03530084752148047,0.1425890521674392,0.0011551424916098618,16096,1006,1552,6.106226635438361e-16,-8,analysis_weight,baseline_club_id,1420
leave_one_baseline_club_id_out,minutes_share,treated_x_acute,0.02106592837078589,0.025252642453496666,-0.028428341352534765,0.07056019809410655,0.4041644082104918,16112,1007,1552,6.106226635438361e-16,-8,analysis_weight,baseline_club_id,1421
leave_one_baseline_club_id_out,minutes_share,treated_x_consolidated,0.0819941435494547,0.027376934000624062,0.028336338901101474,0.1356519481978079,0.002744374071034894,16112,1007,1552,6.106226635438361e-16,-8,analysis_weight,baseline_club_id,1421
leave_one_baseline_club_id_out,minutes_share,treated_x_acute,0.02487684886482945,0.0253366882463283,-0.024782147585493318,0.07453584531515223,0.32617333306244056,16048,1003,1552,6.106226635438361e-16,-8,analysis_weight,baseline_club_id,148
leave_one_baseline_club_id_out,minutes_share,treated_x_consolidated,0.07873105342893272,0.027487536159681587,0.02485647253221438,0.13260563432565106,0.004180038232241223,16048,1003,1552,6.106226635438361e-16,-8,analysis_weight,baseline_club_id,148
leave_one_baseline_club_id_out,minutes_share,treated_x_acute,0.02043875445768467,0.025290461918009953,-0.02912964005399661,0.07000714896936595,0.4189981453487712,16064,1004,1552,6.106226635438361e-16,-8,analysis_weight,baseline_club_id,15
leave_one_baseline_club_id_out,minutes_share,treated_x_consolidated,0.08294917317334412,0.027442710863833483,0.029162448242084416,0.13673589810460382,0.002505880612523992,16064,1004,1552,6.106226635438361e-16,-8,analysis_weight,baseline_club_id,15
leave_one_baseline_club_id_out,minutes_share,treated_x_acute,0.021915832571859216,0.02561417265129831,-0.028287023318476302,0.07211868846219474,0.3922115859086217,16016,1001,1552,6.106226635438361e-16,-8,analysis_weight,baseline_club_id,150
leave_one_baseline_club_id_out,minutes_share,treated_x_consolidated,0.08142032690585468,0.02773092163358583,0.02706871924592382,0.13577193456578554,0.0033238385523124414,16016,1001,1552,6.106226635438361e-16,-8,analysis_weight,baseline_club_id,150
leave_one_baseline_club_id_out,minutes_share,treated_x_acute,0.02329153609958328,0.02516482288017145,-0.026030610422882274,0.07261368262204884,0.3546750476974847,16016,1001,1552,6.106226635438361e-16,-8,analysis_weight,baseline_club_id,1531
leave_one_baseline_club_id_out,minutes_share,treated_x_consolidated,0.08348551877967526,0.02725982575549708,0.03005724207406362,0.1369137954852869,0.0021943454013222397,16016,1001,1552,6.106226635438361e-16,-8,analysis_weight,baseline_club_id,1531
leave_one_baseline_club_id_out,minutes_share,treated_x_acute,0.021847795067725877,0.025362942433773805,-0.027862658644433443,0.0715582487798852,0.3890143797746948,16032,1002,1552,6.106226635438361e-16,-8,analysis_weight,baseline_club_id,16
leave_one_baseline_club_id_out,minutes_share,treated_x_consolidated,0.08566702262477732,0.02744231278070116,0.031881077922119826,0.1394529673274348,0.0017980217093640505,16032,1002,1552,6.106226635438361e-16,-8,analysis_weight,baseline_club_id,16
leave_one_baseline_club_id_out,minutes_share,treated_x_acute,0.01898383594888657,0.025619721087180917,-0.03122989467594938,0.06919756657372253,0.45870237155479954,16048,1003,1552,6.106226635438361e-16,-8,analysis_weight,baseline_club_id,162
leave_one_baseline_club_id_out,minutes_share,treated_x_consolidated,0.07875886243351286,0.02777686194219731,0.024317213423264837,0.13320051144376088,0.0045766545598375785,16048,1003,1552,6.106226635438361e-16,-8,analysis_weight,baseline_club_id,162
leave_one_baseline_club_id_out,minutes_share,treated_x_acute,0.02524740255039808,0.025128725335027108,-0.024003994083654254,0.07449879918445042,0.3150303602518709,16096,1006,1552,6.106226635438361e-16,-8,analysis_weight,baseline_club_id,167
leave_one_baseline_club_id_out,minutes_share,treated_x_consolidated,0.08566875782276169,0.02730322049700105,0.03215542898668384,0.13918208665883955,0.0017029091411653319,16096,1006,1552,6.106226635438361e-16,-8,analysis_weight,baseline_club_id,167
leave_one_baseline_club_id_out,minutes_share,treated_x_acute,0.022559780243799458,0.025367640709822108,-0.027159881920203962,0.07227944240780287,0.3738347262236772,16080,1005,1552,6.106226635438361e-16,-8,analysis_weight,baseline_club_id,18
leave_one_baseline_club_id_out,minutes_share,treated_x_consolidated,0.0815715579878055,0.027370091891362757,0.027927163627182734,0.1352159523484283,0.0028794996098853165,16080,1005,1552,6.106226635438361e-16,-8,analysis_weight,baseline_club_id,18
leave_one_baseline_club_id_out,minutes_share,treated_x_acute,0.02399409424353279,0.025353774417111355,-0.02569839048615847,0.07368657897322406,0.3439590416105589,16080,1005,1552,6.106226635438361e-16,-8,analysis_weight,baseline_club_id,180
leave_one_baseline_club_id_out,minutes_share,treated_x_consolidated,0.08640182730872537,0.02763307372276089,0.032241998029973865,0.14056165658747688,0.0017674767613460318,16080,1005,1552,6.106226635438361e-16,-8,analysis_weight,baseline_club_id,180
leave_one_baseline_club_id_out,minutes_share,treated_x_acute,0.023291536099583267,0.02516467757510685,-0.0260303256301889,0.07261339782935544,0.3546722691919948,16192,1012,1552,6.106226635438361e-16,-8,analysis_weight,baseline_club_id,2239
leave_one_baseline_club_id_out,minutes_share,treated_x_consolidated,0.08348551877967524,0.027259668353604737,0.03005755057610368,0.1369134869832468,0.00219421574616252,16192,1012,1552,6.106226635438361e-16,-8,analysis_weight,baseline_club_id,2239
leave_one_baseline_club_id_out,minutes_share,treated_x_acute,0.026266120804486162,0.025326546311802263,-0.023372997819432008,0.07590523942840433,0.2996899980920451,16016,1001,1552,6.106226635438361e-16,-8,analysis_weight,baseline_club_id,237
leave_one_baseline_club_id_out,minutes_share,treated_x_consolidated,0.08375523618441104,0.02747354132619411,0.029908084657297787,0.13760238771152428,0.002299271451333018,16016,1001,1552,6.106226635438361e-16,-8,analysis_weight,baseline_club_id,237
leave_one_baseline_club_id_out,minutes_share,treated_x_acute,0.019677227584954656,0.025014446057741935,-0.029350185781439473,0.06870464095134879,0.43149582637614614,16080,1005,1552,6.106226635438361e-16,-8,analysis_weight,baseline_club_id,23826
leave_one_baseline_club_id_out,minutes_share,treated_x_consolidated,0.08537120601994597,0.02742918428121408,0.0316109927034542,0.13913141933643774,0.0018555882546560376,16080,1005,1552,6.106226635438361e-16,-8,analysis_weight,baseline_club_id,23826
leave_one_baseline_club_id_out,minutes_share,treated_x_acute,0.022049041154340927,0.025323093738585434,-0.027583310550418273,0.07168139285910013,0.3839131595533971,16064,1004,1552,6.106226635438361e-16,-8,analysis_weight,baseline_club_id,24
leave_one_baseline_club_id_out,minutes_share,treated_x_consolidated,0.08277104242573756,0.027471314036779725,0.02892825630565965,0.13661382854581547,0.0025867974814626216,16064,1004,1552,6.106226635438361e-16,-8,analysis_weight,baseline_club_id,24
leave_one_baseline_club_id_out,minutes_share,treated_x_acute,0.022056499364356417,0.025417662407611827,-0.027761203525760402,0.07187420225447323,0.3855242532863512,16096,1006,1552,6.106226635438361e-16,-8,analysis_weight,baseline_club_id,244
leave_one_baseline_club_id_out,minutes_share,treated_x_consolidated,0.08393800947082347,0.027546336316683465,0.029948182384096148,0.1379278365575508,0.00231017070559858,16096,1006,1552,6.106226635438361e-16,-8,analysis_weight,baseline_club_id,244
leave_one_baseline_club_id_out,minutes_share,treated_x_acute,0.02329153609958328,0.02516480953869058,-0.02603058427406027,0.07261365647322683,0.35467479258410095,16032,1002,1552,6.106226635438361e-16,-8,analysis_weight,baseline_club_id,2687
leave_one_baseline_club_id_out,minutes_share,treated_x_consolidated,0.08348551877967522,0.027259811303321297,0.030057270399807608,0.13691376715954284,0.0021943334965390804,16032,1002,1552,6.106226635438361e-16,-8,analysis_weight,baseline_club_id,2687
leave_one_baseline_club_id_out,minutes_share,treated_x_acute,0.019170359036435675,0.025122715984224893,-0.030069259486473852,0.0684099775593452,0.44542240634704,16032,1002,1552,6.106226635438361e-16,-8,analysis_weight,baseline_club_id,27
leave_one_baseline_club_id_out,minutes_share,treated_x_consolidated,0.0815849978012725,0.027415032789103226,0.02785252089964551,0.13531747470289948,0.002921091963646205,16032,1002,1552,6.106226635438361e-16,-8,analysis_weight,baseline_club_id,27
leave_one_baseline_club_id_out,minutes_share,treated_x_acute,0.020401784684378737,0.02555978071399611,-0.029694464967795108,0.07049803433655258,0.42475517023789156,16064,1004,1552,6.106226635438361e-16,-8,analysis_weight,baseline_club_id,273
leave_one_baseline_club_id_out,minutes_share,treated_x_consolidated,0.0804828880469589,0.0273084696118491,0.02695927113482815,0.13400650495908964,0.0032068979320583058,16064,1004,1552,6.106226635438361e-16,-8,analysis_weight,baseline_club_id,273
leave_one_baseline_club_id_out,minutes_share,treated_x_acute,0.022291768337960077,0.025192694103415188,-0.027085004778268282,0.07166854145418844,0.3762372606509854,16128,1008,1552,6.106226635438361e-16,-8,analysis_weight,baseline_club_id,276
leave_one_baseline_club_id_out,minutes_share,treated_x_consolidated,0.0827621706307436,0.027314960207188706,0.029225832385509007,0.13629850887597822,0.0024461774110959844,16128,1008,1552,6.106226635438361e-16,-8,analysis_weight,baseline_club_id,276
leave_one_baseline_club_id_out,minutes_share,treated_x_acute,0.023291536099583256,0.025164809538690568,-0.026030584274060267,0.07261365647322678,0.3546747925841012,16032,1002,1552,6.106226635438361e-16,-8,analysis_weight,baseline_club_id,281
leave_one_baseline_club_id_out,minutes_share,treated_x_consolidated,0.0834855187796752,0.027259811303321283,0.030057270399807608,0.1369137671595428,0.0021943334965390804,16032,1002,1552,6.106226635438361e-16,-8,analysis_weight,baseline_club_id,281
leave_one_baseline_club_id_out,minutes_share,treated_x_acute,0.025846407939150204,0.025503494005650242,-0.02413952179185743,0.07583233767015785,0.31084729010151957,16112,1007,1552,6.106226635438361e-16,-8,analysis_weight,baseline_club_id,29
leave_one_baseline_club_id_out,minutes_share,treated_x_consolidated,0.08207912798367725,0.027644503165574368,0.02789689740864798,0.13626135855870652,0.0029867923151787323,16112,1007,1552,6.106226635438361e-16,-8,analysis_weight,baseline_club_id,29
leave_one_baseline_club_id_out,minutes_share,treated_x_acute,0.021873268649541387,0.025265243718471348,-0.027645699099289288,0.07139223639837206,0.3866297945503756,16080,1005,1552,4.996003610813204e-16,-8,analysis_weight,baseline_club_id,290
leave_one_baseline_club_id_out,minutes_share,treated_x_consolidated,0.08049222541649712,0.027355590585555003,0.026876253092986344,0.13410819774000787,0.003256352882423208,16080,1005,1552,4.996003610813204e-16,-8,analysis_weight,baseline_club_id,290
leave_one_baseline_club_id_out,minutes_share,treated_x_acute,0.023291536099583253,0.025164703758618696,-0.026030376948929124,0.07261344914809563,0.354672769871228,16160,1010,1552,6.106226635438361e-16,-8,analysis_weight,baseline_club_id,2919
leave_one_baseline_club_id_out,minutes_share,treated_x_consolidated,0.0834855187796752,0.02725969671692657,0.030057494985014366,0.13691354257433602,0.0021942391092031333,16160,1010,1552,6.106226635438361e-16,-8,analysis_weight,baseline_club_id,2919
leave_one_baseline_club_id_out,minutes_share,treated_x_acute,0.022527635267016045,0.02528206007162833,-0.027024291928353622,0.07207956246238571,0.37290116637629644,16064,1004,1552,6.106226635438361e-16,-8,analysis_weight,baseline_club_id,3
leave_one_baseline_club_id_out,minutes_share,treated_x_consolidated,0.08303991767046104,0.02738851232928934,0.02935941991492271,0.13672041542599936,0.002429995011511199,16064,1004,1552,6.106226635438361e-16,-8,analysis_weight,baseline_club_id,3
leave_one_baseline_club_id_out,minutes_share,treated_x_acute,0.01952565828868573,0.02527954054532906,-0.030021330725879265,0.06907264730325072,0.43988361612986804,16048,1003,1552,6.106226635438361e-16,-8,analysis_weight,baseline_club_id,31
leave_one_baseline_club_id_out,minutes_share,treated_x_consolidated,0.08376001805400339,0.027432204639105624,0.029993884944823773,0.137526151163183,0.002263046851235462,16048,1003,1552,6.106226635438361e-16,-8,analysis_weight,baseline_club_id,31
leave_one_baseline_club_id_out,minutes_share,treated_x_acute,0.022103823239532094,0.025276905641736656,-0.027438001458889052,0.07164564793795324,0.38186391086974414,16064,1004,1552,6.106226635438361e-16,-8,analysis_weight,baseline_club_id,33
leave_one_baseline_club_id_out,minutes_share,treated_x_consolidated,0.08262673165348801,0.027388100457026554,0.02894704115275097,0.13630642215422506,0.0025538722632485467,16064,1004,1552,6.106226635438361e-16,-8,analysis_weight,baseline_club_id,33
leave_one_baseline_club_id_out,minutes_share,treated_x_acute,0.02731503909948685,0.02534437611694817,-0.022359025300368672,0.07698910349934238,0.28114291242851364,16016,1001,1552,6.106226635438361e-16,-8,analysis_weight,baseline_club_id,3302
leave_one_baseline_club_id_out,minutes_share,treated_x_consolidated,0.08219952921681828,0.02753726338979339,0.028227484740029868,0.1361715736936067,0.0028355145975400564,16016,1001,1552,6.106226635438361e-16,-8,analysis_weight,baseline_club_id,3302
leave_one_baseline_club_id_out,minutes_share,treated_x_acute,0.02111672836787085,0.02531037054663422,-0.028490686338895583,0.07072414307463729,0.40410558105315153,15968,998,1552,6.106226635438361e-16,-8,analysis_weight,baseline_club_id,331
leave_one_baseline_club_id_out,minutes_share,treated_x_consolidated,0.08060051250346709,0.0274110708133631,0.026875800931598366,0.13432522407533581,0.0032775019651962722,15968,998,1552,6.106226635438361e-16,-8,analysis_weight,baseline_club_id,331
leave_one_baseline_club_id_out,minutes_share,treated_x_acute,0.030876087773561548,0.02496113716446049,-0.018046842081945267,0.07979901762906837,0.21609955997756103,16144,1009,1552,6.106226635438361e-16,-8,analysis_weight,baseline_club_id,3522
leave_one_baseline_club_id_out,minutes_share,treated_x_consolidated,0.094080084530427,0.02670132057632912,0.04174645786116365,0.14641371119969035,0.0004260086046490308,16144,1009,1552,6.106226635438361e-16,-8,analysis_weight,baseline_club_id,3522
leave_one_baseline_club_id_out,minutes_share,treated_x_acute,0.023644872810754926,0.025399642728695306,-0.026137512157672536,0.07342725777918238,0.35189825974287103,16064,1004,1552,6.106226635438361e-16,-8,analysis_weight,baseline_club_id,3524
leave_one_baseline_club_id_out,minutes_share,treated_x_consolidated,0.08720000737458333,0.027456622845056206,0.0333860154611735,0.14101399928799316,0.001493627022807198,16064,1004,1552,6.106226635438361e-16,-8,analysis_weight,baseline_club_id,3524
leave_one_baseline_club_id_out,minutes_share,treated_x_acute,0.022426205259592814,0.02541727962706053,-0.02739074739442948,0.0722431579136151,0.37760312245626526,15984,999,1552,6.106226635438361e-16,-8,analysis_weight,baseline_club_id,366
leave_one_baseline_club_id_out,minutes_share,treated_x_consolidated,0.08434412904803325,0.02743530357999272,0.030571922126324702,0.1381163359697418,0.00211002934985971,15984,999,1552,6.106226635438361e-16,-8,analysis_weight,baseline_club_id,366
leave_one_baseline_club_id_out,minutes_share,treated_x_acute,0.021163230931416806,0.025313039564488143,-0.02844941495421741,0.07077587681705103,0.4031209036081065,16064,1004,1552,6.106226635438361e-16,-8,analysis_weight,baseline_club_id,367
leave_one_baseline_club_id_out,minutes_share,treated_x_consolidated,0.08408425574410586,0.027478205834397185,0.03022796194890899,0.13794054953930274,0.002213115530734555,16064,1004,1552,6.106226635438361e-16,-8,analysis_weight,baseline_club_id,367
leave_one_baseline_club_id_out,minutes_share,treated_x_acute,0.032489148518439794,0.025200081332057065,-0.016902103299872205,0.08188040033675179,0.19731196444121313,16016,1001,1552,6.106226635438361e-16,-8,analysis_weight,baseline_club_id,368
leave_one_baseline_club_id_out,minutes_share,treated_x_consolidated,0.08595250474202674,0.027625195378152924,0.031808116734964656,0.14009689274908882,0.0018621458511212108,16016,1001,1552,6.106226635438361e-16,-8,analysis_weight,baseline_club_id,368
leave_one_baseline_club_id_out,minutes_share,treated_x_acute,0.029783446595368804,0.02523201067567943,-0.019670385586493037,0.07923727877723065,0.2378477604509981,16064,1004,1552,6.106226635438361e-16,-8,analysis_weight,baseline_club_id,3709
leave_one_baseline_club_id_out,minutes_share,treated_x_consolidated,0.08871015780972817,0.027355554945309227,0.03509425533981552,0.14232606027964081,0.0011833751420291527,16064,1004,1552,6.106226635438361e-16,-8,analysis_weight,baseline_club_id,3709
leave_one_baseline_club_id_out,minutes_share,treated_x_acute,0.0226796959331381,0.02526773001327527,-0.026844144863963207,0.07220353673023941,0.3694118942788791,16080,1005,1552,6.106226635438361e-16,-8,analysis_weight,baseline_club_id,379
leave_one_baseline_club_id_out,minutes_share,treated_x_consolidated,0.08201646486104334,0.02750356128683412,0.028110475292258366,0.1359224544298283,0.0028634325817225026,16080,1005,1552,6.106226635438361e-16,-8,analysis_weight,baseline_club_id,379
leave_one_baseline_club_id_out,minutes_share,treated_x_acute,0.024445025045946093,0.025277577867401667,-0.025098117190567957,0.07398816728246015,0.3335122486648765,16128,1008,1552,6.106226635438361e-16,-8,analysis_weight,baseline_club_id,380
leave_one_baseline_club_id_out,minutes_share,treated_x_consolidated,0.08337786863885596,0.027375006548400284,0.029723841727443273,0.13703189555026865,0.0023208825815987932,16128,1008,1552,6.106226635438361e-16,-8,analysis_weight,baseline_club_id,380
leave_one_baseline_club_id_out,minutes_share,treated_x_acute,0.01660373212986733,0.025307001086929508,-0.03299707855723051,0.06620454281696517,0.511764647426272,16048,1003,1552,6.106226635438361e-16,-8,analysis_weight,baseline_club_id,39
leave_one_baseline_club_id_out,minutes_share,treated_x_consolidated,0.08075914892516706,0.02748696919559426,0.026885679257640405,0.1346326185926937,0.0033024270576631487,16048,1003,1552,6.106226635438361e-16,-8,analysis_weight,baseline_club_id,39
leave_one_baseline_club_id_out,minutes_share,treated_x_acute,0.025632931201600262,0.02531565645481497,-0.023984843694826022,0.07525070609802655,0.3112833968543902,16080,1005,1552,6.106226635438361e-16,-8,analysis_weight,baseline_club_id,3911
leave_one_baseline_club_id_out,minutes_share,treated_x_consolidated,0.07957148343690894,0.027323246058438944,0.026018905221642623,0.13312406165217525,0.0035886222028078674,16080,1005,1552,6.106226635438361e-16,-8,analysis_weight,baseline_club_id,3911
leave_one_baseline_club_id_out,minutes_share,treated_x_acute,0.027890843768708706,0.025122092007290996,-0.021347551781883196,0.0771292393193006,0.2669077557341646,16160,1010,1552,6.106226635438361e-16,-8,analysis_weight,baseline_club_id,398
leave_one_baseline_club_id_out,minutes_share,treated_x_consolidated,0.0871743292297059,0.02727158682014479,0.0337230012609649,0.1406256571984469,0.0013909341577313938,16160,1010,1552,6.106226635438361e-16,-8,analysis_weight,baseline_club_id,398
leave_one_baseline_club_id_out,minutes_share,treated_x_acute,0.026113127760527644,0.025466597769642857,-0.02380048667674042,0.0760267421977957,0.305180444254848,16080,1005,1552,6.106226635438361e-16,-8,analysis_weight,baseline_club_id,399
leave_one_baseline_club_id_out,minutes_share,treated_x_consolidated,0.0904669470912876,0.02739731525202684,0.036769195924225076,0.1441646982583501,0.0009598542742668137,16080,1005,1552,6.106226635438361e-16,-8,analysis_weight,baseline_club_id,399
leave_one_baseline_club_id_out,minutes_share,treated_x_acute,0.029283601453081336,0.025186725874112335,-0.020081474148661953,0.07864867705482462,0.24496743243709762,16048,1003,1552,6.106226635438361e-16,-8,analysis_weight,baseline_club_id,405
leave_one_baseline_club_id_out,minutes_share,treated_x_consolidated,0.08918312859756283,0.027393102730526114,0.03549363382092584,0.14287262337419981,0.001131218664621736,16048,1003,1552,6.106226635438361e-16,-8,analysis_weight,baseline_club_id,405
leave_one_baseline_club_id_out,minutes_share,treated_x_acute,0.02483492056731835,0.02527623460505502,-0.02470558892337449,0.07437543005801119,0.3258337112817842,16096,1006,1552,6.106226635438361e-16,-8,analysis_weight,baseline_club_id,410
leave_one_baseline_club_id_out,minutes_share,treated_x_consolidated,0.08678195622411286,0.02726596893077435,0.03334163911620704,0.14022227333201867,0.0014586146170367797,16096,1006,1552,6.106226635438361e-16,-8,analysis_weight,baseline_club_id,410
leave_one_baseline_club_id_out,minutes_share,treated_x_acute,0.02686143946397509,0.025285435099909284,-0.02269710266527205,0.07641998159322222,0.28808656030436386,16080,1005,1552,6.106226635438361e-16,-8,analysis_weight,baseline_club_id,415
leave_one_baseline_club_id_out,minutes_share,treated_x_consolidated,0.08515423406522935,0.02743898127459374,0.031374818994556665,0.13893364913590203,0.0019130852967383927,16080,1005,1552,6.106226635438361e-16,-8,analysis_weight,baseline_club_id,415
leave_one_baseline_club_id_out,minutes_share,treated_x_acute,0.022082106242456594,0.025358884862518645,-0.027620394776177913,0.0717846072610911,0.3838722097477576,16144,1009,1552,6.106226635438361e-16,-8,analysis_weight,baseline_club_id,416
leave_one_baseline_club_id_out,minutes_share,treated_x_consolidated,0.0870289352469861,0.027414345854906475,0.033297804711644494,0.1407600657823277,0.0015005538468697566,16144,1009,1552,6.106226635438361e-16,-8,analysis_weight,baseline_club_id,416
leave_one_baseline_club_id_out,minutes_share,treated_x_acute,0.025901822197103852,0.02524089451053338,-0.023569421981116327,0.07537306637532404,0.3048044863084214,16096,1006,1552,6.106226635438361e-16,-8,analysis_weight,baseline_club_id,417
leave_one_baseline_club_id_out,minutes_share,treated_x_consolidated,0.08257408814944436,0.027426769610966507,0.028818607499672383,0.13632956879921634,0.0026063644086167237,16096,1006,1552,6.106226635438361e-16,-8,analysis_weight,baseline_club_id,417
leave_one_baseline_club_id_out,minutes_share,treated_x_acute,0.02579173462584722,0.02536023307589184,-0.02391340884244222,0.07549687809413666,0.3091463465572897,16048,1003,1552,6.106226635438361e-16,-8,analysis_weight,baseline_club_id,418
leave_one_baseline_club_id_out,minutes_share,treated_x_consolidated,0.07797255767537158,0.027447341828980825,0.024176756219209422,0.13176835913153373,0.0044999758580486215,16048,1003,1552,6.106226635438361e-16,-8,analysis_weight,baseline_club_id,418
leave_one_baseline_club_id_out,minutes_share,treated_x_acute,0.023084367219386424,0.02541211620579436,-0.026722465314917166,0.07289119975369002,0.3636669079110164,16096,1006,1552,6.106226635438361e-16,-8,analysis_weight,baseline_club_id,430
leave_one_baseline_club_id_out,minutes_share,treated_x_consolidated,0.07861728447879042,0.027503898270301117,0.02471063443454674,0.1325239345230341,0.004257763764939249,16096,1006,1552,6.106226635438361e-16,-8,analysis_weight,baseline_club_id,430
leave_one_baseline_club_id_out,minutes_share,treated_x_acute,0.023291536099583246,0.025164743229041504,-0.026030454309536287,0.07261352650870279,0.35467352462069246,16112,1007,1552,6.106226635438361e-16,-8,analysis_weight,baseline_club_id,44
leave_one_baseline_club_id_out,minutes_share,treated_x_consolidated,0.08348551877967521,0.027259739473311284,0.030057411184040227,0.13691362637531018,0.0021942743282359345,16112,1007,1552,6.106226635438361e-16,-8,analysis_weight,baseline_club_id,44
leave_one_baseline_club_id_out,minutes_share,treated_x_acute,0.023291536099583277,0.02516467757510686,-0.02603032563018891,0.07261339782935547,0.3546722691919948,16192,1012,1552,6.106226635438361e-16,-8,analysis_weight,baseline_club_id,46
leave_one_baseline_club_id_out,minutes_share,treated_x_consolidated,0.08348551877967526,0.027259668353604743,0.030057550576103695,0.13691348698324685,0.00219421574616252,16192,1012,1552,6.106226635438361e-16,-8,analysis_weight,baseline_club_id,46
leave_one_baseline_club_id_out,minutes_share,treated_x_acute,0.025072252930231187,0.02563685567244571,-0.025175060864613796,0.07531956672507617,0.32808574348888997,16048,1003,1552,6.106226635438361e-16,-8,analysis_weight,baseline_club_id,5
leave_one_baseline_club_id_out,minutes_share,treated_x_consolidated,0.07621034962728593,0.026925879227086814,0.02343659609012058,0.12898410316445127,0.0046493398081430826,16048,1003,1552,6.106226635438361e-16,-8,analysis_weight,baseline_club_id,5
leave_one_baseline_club_id_out,minutes_share,treated_x_acute,0.02329153609958327,0.02516474322904153,-0.02603045430953631,0.07261352650870286,0.35467352462069246,16112,1007,1552,6.106226635438361e-16,-8,analysis_weight,baseline_club_id,506
leave_one_baseline_club_id_out,minutes_share,treated_x_consolidated,0.08348551877967521,0.02725973947331129,0.030057411184040213,0.1369136263753102,0.0021942743282359345,16112,1007,1552,6.106226635438361e-16,-8,analysis_weight,baseline_club_id,506
leave_one_baseline_club_id_out,minutes_share,treated_x_acute,0.02249075462061067,0.025368315737498818,-0.02723023057332767,0.07221173981454901,0.37531115341102295,16080,1005,1552,6.106226635438361e-16,-8,analysis_weight,baseline_club_id,533
leave_one_baseline_club_id_out,minutes_share,treated_x_consolidated,0.08496469916684994,0.027381349158947615,0.031298240967196515,0.13863115736650336,0.0019156082905333882,16080,1005,1552,6.106226635438361e-16,-8,analysis_weight,baseline_club_id,533
leave_one_baseline_club_id_out,minutes_share,treated_x_acute,0.020365233201492503,0.02541507080174388,-0.02944739023446102,0.07017785663744602,0.4229548716860796,16048,1003,1552,6.106226635438361e-16,-8,analysis_weight,baseline_club_id,543
leave_one_baseline_club_id_out,minutes_share,treated_x_consolidated,0.07972264659116507,0.027474031987406822,0.025874533385746294,0.13357075979658384,0.0037108997296537716,16048,1003,1552,6.106226635438361e-16,-8,analysis_weight,baseline_club_id,543
leave_one_baseline_club_id_out,minutes_share,treated_x_acute,0.026522308384668375,0.02550562847313276,-0.023467804825731166,0.07651242159506791,0.2984044828956298,16032,1002,1552,6.106226635438361e-16,-8,analysis_weight,baseline_club_id,583
leave_one_baseline_club_id_out,minutes_share,treated_x_consolidated,0.07759923519733955,0.027438033637723444,0.023821677460803076,0.13137679293387602,0.0046815943238922575,16032,1002,1552,6.106226635438361e-16,-8,analysis_weight,baseline_club_id,583
leave_one_baseline_club_id_out,minutes_share,treated_x_acute,0.024188439331090217,0.025437573105877836,-0.025668287810535026,0.07404516647271546,0.34165811428185267,16080,1005,1552,6.106226635438361e-16,-8,analysis_weight,baseline_club_id,60
leave_one_baseline_club_id_out,minutes_share,treated_x_consolidated,0.08724541659946401,0.027488901378942356,0.03336815992216356,0.14112267327676448,0.0015043580457705374,16080,1005,1552,6.106226635438361e-16,-8,analysis_weight,baseline_club_id,60
leave_one_baseline_club_id_out,minutes_share,treated_x_acute,0.021581277689032057,0.02539132484260204,-0.028184804522225097,0.0713473599002892,0.3953546121435769,16112,1007,1552,6.106226635438361e-16,-8,analysis_weight,baseline_club_id,6195
leave_one_baseline_club_id_out,minutes_share,treated_x_consolidated,0.08016029058369523,0.02749404510508511,0.026272952388408648,0.1340476287789818,0.003550610760066686,16112,1007,1552,6.106226635438361e-16,-8,analysis_weight,baseline_club_id,6195
leave_one_baseline_club_id_out,minutes_share,treated_x_acute,0.022070802386879616,0.02537184401721997,-0.027657098108239565,0.0717987028819988,0.3843586038038409,16000,1000,1552,6.106226635438361e-16,-8,analysis_weight,baseline_club_id,621
leave_one_baseline_club_id_out,minutes_share,treated_x_consolidated,0.08605426534840607,0.027468785653753693,0.03221643476799831,0.13989209592881383,0.0017314622871911212,16000,1000,1552,6.106226635438361e-16,-8,analysis_weight,baseline_club_id,621
leave_one_baseline_club_id_out,minutes_share,treated_x_acute,0.010290530959761015,0.024647047327699748,-0.03801679412778468,0.058597856047306704,0.6763011914025874,16032,1002,1552,6.106226635438361e-16,-8,analysis_weight,baseline_club_id,631
leave_one_baseline_club_id_out,minutes_share,treated_x_consolidated,0.0815693554169122,0.02741995865769072,0.027827223990261142,0.13531148684356326,0.0029316350995454155,16032,1002,1552,6.106226635438361e-16,-8,analysis_weight,baseline_club_id,631
leave_one_baseline_club_id_out,minutes_share,treated_x_acute,0.02345582830092776,0.02530905083053195,-0.0261489998098084,0.07306065641166393,0.35404269633879926,16160,1010,1552,6.106226635438361e-16,-8,analysis_weight,baseline_club_id,6574
leave_one_baseline_club_id_out,minutes_share,treated_x_consolidated,0.07662635808286762,0.027166287470392764,0.023381413047236073,0.12987130311849918,0.004792772968574166,16160,1010,1552,6.106226635438361e-16,-8,analysis_weight,baseline_club_id,6574
leave_one_baseline_club_id_out,minutes_share,treated_x_acute,0.02099123617167598,0.02529536315178373,-0.02858676458168172,0.07056923692503368,0.406626300806872,16064,1004,1552,6.106226635438361e-16,-8,analysis_weight,baseline_club_id,667
leave_one_baseline_club_id_out,minutes_share,treated_x_consolidated,0.08210489739629512,0.02743661607946953,0.0283301180228823,0.13587967676970794,0.002766754504260449,16064,1004,1552,6.106226635438361e-16,-8,analysis_weight,baseline_club_id,667
leave_one_baseline_club_id_out,minutes_share,treated_x_acute,0.023492807701721245,0.025289317624890985,-0.026073344036659108,0.0730589594401016,0.35290893109058885,16016,1001,1552,6.106226635438361e-16,-8,analysis_weight,baseline_club_id,681
leave_one_baseline_club_id_out,minutes_share,treated_x_consolidated,0.08169108587803792,0.02734662588987619,0.028092684035189976,0.13528948772088586,0.0028150354134170996,16016,1001,1552,6.106226635438361e-16,-8,analysis_weight,baseline_club_id,681
leave_one_baseline_club_id_out,minutes_share,treated_x_acute,0.024798208143542777,0.02524431641470865,-0.024679742843619477,0.07427615913070504,0.3259381033497539,16080,1005,1552,6.106226635438361e-16,-8,analysis_weight,baseline_club_id,703
leave_one_baseline_club_id_out,minutes_share,treated_x_consolidated,0.08320085807801529,0.027341322684498903,0.029612850326709454,0.13678886582932112,0.002341977985238497,16080,1005,1552,6.106226635438361e-16,-8,analysis_weight,baseline_club_id,703
leave_one_baseline_club_id_out,minutes_share,treated_x_acute,0.020957677663107764,0.02528868440057279,-0.02860723297841479,0.07052258830463032,0.40725303781393984,16048,1003,1552,6.106226635438361e-16,-8,analysis_weight,baseline_club_id,714
leave_one_baseline_club_id_out,minutes_share,treated_x_consolidated,0.08077170617145853,0.0273840189613683,0.027100015255214722,0.13444339708770234,0.003181929598853106,16048,1003,1552,6.106226635438361e-16,-8,analysis_weight,baseline_club_id,714
leave_one_baseline_club_id_out,minutes_share,treated_x_acute,0.02329153609958328,0.025164703758618713,-0.026030376948929124,0.07261344914809569,0.354672769871228,16160,1010,1552,6.106226635438361e-16,-8,analysis_weight,baseline_club_id,749
leave_one_baseline_club_id_out,minutes_share,treated_x_consolidated,0.08348551877967525,0.027259696716926594,0.030057494985014373,0.13691354257433613,0.0021942391092031333,16160,1010,1552,6.106226635438361e-16,-8,analysis_weight,baseline_club_id,749
leave_one_baseline_club_id_out,minutes_share,treated_x_acute,0.025388419630019865,0.025440367912815245,-0.024473785232546445,0.07525062449258618,0.318299707182536,16080,1005,1552,6.106226635438361e-16,-8,analysis_weight,baseline_club_id,762
leave_one_baseline_club_id_out,minutes_share,treated_x_consolidated,0.08746633951809184,0.027522123468797212,0.03352396874118472,0.14140871029499896,0.0014827558937136054,16080,1005,1552,6.106226635438361e-16,-8,analysis_weight,baseline_club_id,762
leave_one_baseline_club_id_out,minutes_share,treated_x_acute,0.020932745562133922,0.02526750514051984,-0.028590654492465648,0.0704561456167335,0.4074183679469403,16080,1005,1552,6.106226635438361e-16,-8,analysis_weight,baseline_club_id,79
leave_one_baseline_club_id_out,minutes_share,treated_x_consolidated,0.08027751252024623,0.02736892207176234,0.026635410963908687,0.13391961407658376,0.003355275709788552,16080,1005,1552,6.106226635438361e-16,-8,analysis_weight,baseline_club_id,79
leave_one_baseline_club_id_out,minutes_share,treated_x_acute,0.02329153609958329,0.025164769673666956,-0.026030506140049713,0.07261357833921629,0.35467403029140887,16080,1005,1552,6.106226635438361e-16,-8,analysis_weight,baseline_club_id,80
leave_one_baseline_club_id_out,minutes_share,treated_x_consolidated,0.08348551877967521,0.02725976811948476,0.030057355038571924,0.13691368252077848,0.00219429792471848,16080,1005,1552,6.106226635438361e-16,-8,analysis_weight,baseline_club_id,80
leave_one_baseline_club_id_out,minutes_share,treated_x_acute,0.02462681181457015,0.025384278168776576,-0.025125459169778295,0.0743790827989186,0.3319667355257714,16112,1007,1552,6.106226635438361e-16,-8,analysis_weight,baseline_club_id,800
leave_one_baseline_club_id_out,minutes_share,treated_x_consolidated,0.08647960304499286,0.027478624024673118,0.03262248961191648,0.14033671647806922,0.0016486519864278293,16112,1007,1552,6.106226635438361e-16,-8,analysis_weight,baseline_club_id,800
leave_one_baseline_club_id_out,minutes_share,treated_x_acute,0.024541300647904322,0.02529326223169303,-0.02503258237774121,0.07411518367354986,0.3319117868886503,16080,1005,1552,6.106226635438361e-16,-8,analysis_weight,baseline_club_id,82
leave_one_baseline_club_id_out,minutes_share,treated_x_consolidated,0.08540458198597584,0.027383439855712725,0.0317340260959602,0.13907513787599146,0.0018156420221200342,16080,1005,1552,6.106226635438361e-16,-8,analysis_weight,baseline_club_id,82
leave_one_baseline_club_id_out,minutes_share,treated_x_acute,0.022855436587344603,0.025455728920101,-0.02703687529626804,0.07274774847095725,0.36926530673436564,16096,1006,1552,6.106226635438361e-16,-8,analysis_weight,baseline_club_id,826
leave_one_baseline_club_id_out,minutes_share,treated_x_consolidated,0.0864967494090072,0.027792022739095888,0.032025385782861036,0.14096811303515336,0.001856439624541295,16096,1006,1552,6.106226635438361e-16,-8,analysis_weight,baseline_club_id,826
leave_one_baseline_club_id_out,minutes_share,treated_x_acute,0.023531616630722542,0.02543627379907539,-0.02632256391636504,0.07338579717781013,0.354903265572565,16080,1005,1552,6.106226635438361e-16,-8,analysis_weight,baseline_club_id,86
leave_one_baseline_club_id_out,minutes_share,treated_x_consolidated,0.08108963256713154,0.027566951297483017,0.027059400860495117,0.135119864273768,0.003265715542674741,16080,1005,1552,6.106226635438361e-16,-8,analysis_weight,baseline_club_id,86
leave_one_baseline_club_id_out,minutes_share,treated_x_acute,0.01911122950954522,0.025290996167248184,-0.030458212111401768,0.0686806711304922,0.44985697665685187,16064,1004,1552,6.106226635438361e-16,-8,analysis_weight,baseline_club_id,873
leave_one_baseline_club_id_out,minutes_share,treated_x_consolidated,0.08627438604727067,0.02738174499142255,0.03260715203022246,0.13994162006431887,0.0016282427130893673,16064,1004,1552,6.106226635438361e-16,-8,analysis_weight,baseline_club_id,873
leave_one_baseline_club_id_out,minutes_share,treated_x_acute,0.023291536099583277,0.025164796223832563,-0.0260305581774181,0.07261363037658465,0.3546745379796403,16048,1003,1552,6.106226635438361e-16,-8,analysis_weight,baseline_club_id,89
leave_one_baseline_club_id_out,minutes_share,treated_x_consolidated,0.08348551877967526,0.02725979687998476,0.030057298669027795,0.13691373889032274,0.0021943216155579925,16048,1003,1552,6.106226635438361e-16,-8,analysis_weight,baseline_club_id,89
leave_one_baseline_club_id_out,minutes_share,treated_x_acute,0.02518270561162546,0.02559385663248765,-0.024980331613531928,0.07534574283678284,0.32514719890908994,16048,1003,1552,6.106226635438361e-16,-8,analysis_weight,baseline_club_id,931
leave_one_baseline_club_id_out,minutes_share,treated_x_consolidated,0.08816800645297641,0.027605838464686137,0.034061557299161084,0.14227445560679175,0.0014040491004381206,16048,1003,1552,6.106226635438361e-16,-8,analysis_weight,baseline_club_id,931
leave_one_baseline_club_id_out,minutes_share,treated_x_acute,0.02409191173998575,0.025403058654983685,-0.025697168320940777,0.07388099180091227,0.34293285264384155,16064,1004,1552,6.106226635438361e-16,-8,analysis_weight,baseline_club_id,940
leave_one_baseline_club_id_out,minutes_share,treated_x_consolidated,0.08440553474607229,0.02752073344666915,0.030465888362473888,0.1383451811296707,0.0021623343813845786,16064,1004,1552,6.106226635438361e-16,-8,analysis_weight,baseline_club_id,940
leave_one_baseline_club_id_out,minutes_share,treated_x_acute,0.02404846381516676,0.025308453877132098,-0.025555194288405247,0.07365212191873877,0.3420031927266025,16048,1003,1552,6.106226635438361e-16,-8,analysis_weight,baseline_club_id,969
leave_one_baseline_club_id_out,minutes_share,treated_x_consolidated,0.08377201175478588,0.0274192787570034,0.03003121290899504,0.1375128106005767,0.0022489321951504326,16048,1003,1552,6.106226635438361e-16,-8,analysis_weight,baseline_club_id,969
leave_one_baseline_club_id_out,minutes_share,treated_x_acute,0.02167370647169873,0.025323283175730404,-0.027959016523041946,0.0713064294664394,0.39206383386911514,16048,1003,1552,6.106226635438361e-16,-8,analysis_weight,baseline_club_id,985
leave_one_baseline_club_id_out,minutes_share,treated_x_consolidated,0.0809603407485714,0.027430126267837446,0.02719828117222392,0.1347224003249189,0.003162224859868168,16048,1003,1552,6.106226635438361e-16,-8,analysis_weight,baseline_club_id,985
leave_one_baseline_club_id_out,minutes_share,treated_x_acute,0.022574886985792537,0.025315014742516233,-0.027041630177639792,0.07219140414922487,0.3725222330883282,16096,1006,1552,6.106226635438361e-16,-8,analysis_weight,baseline_club_id,989
leave_one_baseline_club_id_out,minutes_share,treated_x_consolidated,0.0846023889313972,0.02753520411791604,0.030634380553322772,0.13857039730947163,0.0021226158293963238,16096,1006,1552,6.106226635438361e-16,-8,analysis_weight,baseline_club_id,989
leave_one_baseline_club_id_out,minutes_share,treated_x_acute,0.01901389253444303,0.02524038028877898,-0.030456343787658463,0.06848412885654452,0.45126218338372226,16080,1005,1552,6.106226635438361e-16,-8,analysis_weight,baseline_club_id,995
leave_one_baseline_club_id_out,minutes_share,treated_x_consolidated,0.08172392866678635,0.02742770397391667,0.027966616699283554,0.13548124063428915,0.0028861326057250114,16080,1005,1552,6.106226635438361e-16,-8,analysis_weight,baseline_club_id,995
leave_one_national_team_eligible_out,minutes_share,treated_x_acute,0.03801203833545844,0.025598217299149826,-0.012159545639305394,0.08818362231022227,0.13755742604032983,15616,976,1568,6.106226635438361e-16,-8,analysis_weight,national_team_eligible,Argentina
leave_one_national_team_eligible_out,minutes_share,treated_x_consolidated,0.07850870349290327,0.028223230550811634,0.023192188085941916,0.13382521889986462,0.005407415599124832,15616,976,1568,6.106226635438361e-16,-8,analysis_weight,national_team_eligible,Argentina
leave_one_national_team_eligible_out,minutes_share,treated_x_acute,0.023234977220803858,0.025164156997095784,-0.026085864194815477,0.07255581863642319,0.35583202598188945,16224,1014,1568,6.106226635438361e-16,-8,analysis_weight,national_team_eligible,Australia
leave_one_national_team_eligible_out,minutes_share,treated_x_consolidated,0.08342233797670082,0.02726000328794258,0.0299937133138899,0.13685096263951174,0.00221154664560963,16224,1014,1568,6.106226635438361e-16,-8,analysis_weight,national_team_eligible,Australia
leave_one_national_team_eligible_out,minutes_share,treated_x_acute,0.02735244906463202,0.025843943549630027,-0.023300749511129076,0.07800564764039311,0.2898868874522522,15888,993,1568,6.106226635438361e-16,-8,analysis_weight,national_team_eligible,Belgium
leave_one_national_team_eligible_out,minutes_share,treated_x_consolidated,0.09213873484220703,0.027430679928699523,0.03837559011051022,0.14590187957390383,0.0007823455192772499,15888,993,1568,6.106226635438361e-16,-8,analysis_weight,national_team_eligible,Belgium
leave_one_national_team_eligible_out,minutes_share,treated_x_acute,0.020768216602533446,0.025693174168727864,-0.029589479416688012,0.07112591262175491,0.41890840671420504,15104,944,1568,5.551115123125783e-16,-8,analysis_weight,national_team_eligible,Brazil
leave_one_national_team_eligible_out,minutes_share,treated_x_consolidated,0.08279320175444997,0.028272572872507687,0.027379977174050767,0.13820642633484917,0.003407191887870198,15104,944,1568,5.551115123125783e-16,-8,analysis_weight,national_team_eligible,Brazil
leave_one_national_team_eligible_out,minutes_share,treated_x_acute,0.0165088489244906,0.02534302596741962,-0.03316256923091521,0.06618026707989641,0.5147780786778058,16016,1001,1568,6.106226635438361e-16,-8,analysis_weight,national_team_eligible,Cameroon
leave_one_national_team_eligible_out,minutes_share,treated_x_consolidated,0.08852950419130298,0.027296659478027018,0.03502903471611612,0.14202997366648984,0.0011818034473849437,16016,1001,1568,6.106226635438361e-16,-8,analysis_weight,national_team_eligible,Cameroon
leave_one_national_team_eligible_out,minutes_share,treated_x_acute,0.023673703470036223,0.025190906396274654,-0.025699565804581784,0.07304697274465423,0.347334626274606,16208,1013,1568,6.106226635438361e-16,-8,analysis_weight,national_team_eligible,Canada
leave_one_national_team_eligible_out,minutes_share,treated_x_consolidated,0.08450439206143473,0.027265774794318375,0.031064455453990718,0.13794432866887874,0.0019398867059949865,16208,1013,1568,6.106226635438361e-16,-8,analysis_weight,national_team_eligible,Canada
leave_one_national_team_eligible_out,minutes_share,treated_x_acute,0.023291536099583243,0.02516465149495866,-0.02603027451403776,0.07261334671320424,0.3546717704886828,16224,1014,1568,6.106226635438361e-16,-8,analysis_weight,national_team_eligible,Costa Rica
leave_one_national_team_eligible_out,minutes_share,treated_x_consolidated,0.0834855187796752,0.027259640102251674,0.03005760594773816,0.13691343161161224,0.002194192475529544,16224,1014,1568,6.106226635438361e-16,-8,analysis_weight,national_team_eligible,Costa Rica
leave_one_national_team_eligible_out,minutes_share,treated_x_acute,0.022005340125619607,0.025440267281727064,-0.027856667503638143,0.07186734775487735,0.38704938359629093,15936,996,1568,6.106226635438361e-16,-8,analysis_weight,national_team_eligible,Croatia
leave_one_national_team_eligible_out,minutes_share,treated_x_consolidated,0.07683561579962707,0.027528803088125418,0.02288015320940623,0.1307910783898479,0.005252939653157096,15936,996,1568,6.106226635438361e-16,-8,analysis_weight,national_team_eligible,Croatia
leave_one_national_team_eligible_out,minutes_share,treated_x_acute,0.03115189717942846,0.025886628668009275,-0.019584962691031788,0.08188875704988871,0.22882264010334952,15840,990,1568,6.106226635438361e-16,-8,analysis_weight,national_team_eligible,Denmark
leave_one_national_team_eligible_out,minutes_share,treated_x_consolidated,0.0899054971641995,0.02736086589439563,0.03627918542535378,0.14353180890304523,0.0010165144862182007,15840,990,1568,6.106226635438361e-16,-8,analysis_weight,national_team_eligible,Denmark
leave_one_national_team_eligible_out,minutes_share,treated_x_acute,0.027550164736612866,0.024971608969686306,-0.02139328947998966,0.0764936189532154,0.26991449056340966,16144,1009,1568,6.106226635438361e-16,-8,analysis_weight,national_team_eligible,Ecuador
leave_one_national_team_eligible_out,minutes_share,treated_x_consolidated,0.08190624468672662,0.027660855252594325,0.027691964610066164,0.1361205247633871,0.003065536829193416,16144,1009,1568,6.106226635438361e-16,-8,analysis_weight,national_team_eligible,Ecuador
leave_one_national_team_eligible_out,minutes_share,treated_x_acute,-0.0009082505358623994,0.025220538952104476,-0.05033959855267673,0.048523097480951925,0.9712725222181722,14768,923,1568,6.106226635438361e-16,-8,analysis_weight,national_team_eligible,England
leave_one_national_team_eligible_out,minutes_share,treated_x_consolidated,0.06030901881624539,0.027924663288743178,0.005577684489900939,0.11504035314258984,0.030795558584173044,14768,923,1568,6.106226635438361e-16,-8,analysis_weight,national_team_eligible,England
leave_one_national_team_eligible_out,minutes_share,treated_x_acute,0.016446273646210673,0.026697613715857885,-0.03588008771003335,0.0687726350024547,0.5378810814950883,13536,846,1568,5.551115123125783e-16,-8,analysis_weight,national_team_eligible,France
leave_one_national_team_eligible_out,minutes_share,treated_x_consolidated,0.06802769384148755,0.029663694232583804,0.00988792149721477,0.12616746618576033,0.021830848126559887,13536,846,1568,5.551115123125783e-16,-8,analysis_weight,national_team_eligible,France
leave_one_national_team_eligible_out,minutes_share,treated_x_acute,0.01779912751338635,0.026417951966560663,-0.033979106886381644,0.06957736191315435,0.50046948855646,14528,908,1568,6.106226635438361e-16,-8,analysis_weight,national_team_eligible,Germany
leave_one_national_team_eligible_out,minutes_share,treated_x_consolidated,0.08193823784128473,0.028699550076753903,0.025688153318343343,0.13818832236422612,0.004303200190893364,14528,908,1568,6.106226635438361e-16,-8,analysis_weight,national_team_eligible,Germany
leave_one_national_team_eligible_out,minutes_share,treated_x_acute,0.018313870693169546,0.025920450079666615,-0.0324892779260454,0.06911701931238448,0.47985152585163515,15952,997,1568,4.440892098500626e-16,-8,analysis_weight,national_team_eligible,Ghana
leave_one_national_team_eligible_out,minutes_share,treated_x_consolidated,0.0872600479187244,0.028516559801422106,0.03136861774495439,0.1431514780924944,0.0022135319124874098,15952,997,1568,4.440892098500626e-16,-8,analysis_weight,national_team_eligible,Ghana
leave_one_national_team_eligible_out,minutes_share,treated_x_acute,0.013692988324937799,0.02541909461547888,-0.03612752164101682,0.06351349829089242,0.5901014198551053,16064,1004,1568,6.106226635438361e-16,-8,analysis_weight,national_team_eligible,Japan
leave_one_national_team_eligible_out,minutes_share,treated_x_consolidated,0.07407910488658578,0.0276448538212301,0.019896187039100302,0.12826202273407128,0.007369461721014492,16064,1004,1568,6.106226635438361e-16,-8,analysis_weight,national_team_eligible,Japan
leave_one_national_team_eligible_out,minutes_share,treated_x_acute,0.026280763870614076,0.025467788741969408,-0.023635184829520612,0.07619671257074877,0.3021087991390248,16160,1010,1568,6.106226635438361e-16,-8,analysis_weight,national_team_eligible,Korea Republic
leave_one_national_team_eligible_out,minutes_share,treated_x_consolidated,0.08246935531233265,0.027538087067278137,0.028495696457339265,0.13644301416732604,0.0027468068539993062,16160,1010,1568,6.106226635438361e-16,-8,analysis_weight,national_team_eligible,Korea Republic
leave_one_national_team_eligible_out,minutes_share,treated_x_acute,0.022370742026734773,0.025273363993865487,-0.02716414116941296,0.0719056252228825,0.3760752256044797,16208,1013,1568,6.106226635438361e-16,-8,analysis_weight,national_team_eligible,Mexico
leave_one_national_team_eligible_out,minutes_share,treated_x_consolidated,0.08183723846129676,0.02732991740634693,0.02827158464440245,0.13540289227819108,0.0027496757542051498,16208,1013,1568,6.106226635438361e-16,-8,analysis_weight,national_team_eligible,Mexico
leave_one_national_team_eligible_out,minutes_share,treated_x_acute,0.033925917683095615,0.026052173362556025,-0.017135403826507953,0.08498723919269918,0.192837825599101,15920,995,1568,4.996003610813204e-16,-8,analysis_weight,national_team_eligible,Morocco
leave_one_national_team_eligible_out,minutes_share,treated_x_consolidated,0.0896399802701672,0.02817707905899722,0.03441392012499489,0.14486604041533951,0.0014661143038734448,15920,995,1568,4.996003610813204e-16,-8,analysis_weight,national_team_eligible,Morocco
leave_one_national_team_eligible_out,minutes_share,treated_x_acute,0.02527114658240895,0.025621797820212806,-0.024946654364375015,0.07548894752919291,0.3239788855009089,15680,980,1568,6.106226635438361e-16,-8,analysis_weight,national_team_eligible,Netherlands
leave_one_national_team_eligible_out,minutes_share,treated_x_consolidated,0.09657884109630537,0.02704443794657713,0.04357271673888582,0.1495849654537249,0.00035546260596031054,15680,980,1568,6.106226635438361e-16,-8,analysis_weight,national_team_eligible,Netherlands
leave_one_national_team_eligible_out,minutes_share,treated_x_acute,0.029137541619378485,0.025227827650403208,-0.020308091983595535,0.0785831752223525,0.24810015489772486,16000,1000,1568,6.106226635438361e-16,-8,analysis_weight,national_team_eligible,Poland
leave_one_national_team_eligible_out,minutes_share,treated_x_consolidated,0.09611636689075936,0.027300681044860407,0.042608015289417635,0.1496247184921011,0.00043047710083721213,16000,1000,1568,6.106226635438361e-16,-8,analysis_weight,national_team_eligible,Poland
leave_one_national_team_eligible_out,minutes_share,treated_x_acute,0.014661689144148695,0.02569929651683468,-0.03570800645686294,0.06503138474516032,0.5683322772255979,15568,973,1568,6.106226635438361e-16,-8,analysis_weight,national_team_eligible,Portugal
leave_one_national_team_eligible_out,minutes_share,treated_x_consolidated,0.07703651584964967,0.027718131319520247,0.022709976744638302,0.13136305495466105,0.005447913217760503,15568,973,1568,6.106226635438361e-16,-8,analysis_weight,national_team_eligible,Portugal
leave_one_national_team_eligible_out,minutes_share,treated_x_acute,0.02397938944660943,0.025202422236004152,-0.025416450459130126,0.07337522935234898,0.34136501989522094,15968,998,1568,5.551115123125783e-16,-8,analysis_weight,national_team_eligible,Senegal
leave_one_national_team_eligible_out,minutes_share,treated_x_consolidated,0.09068193270263496,0.02778889257832547,0.03621670407886463,0.1451471613264053,0.0011014470419299371,15968,998,1568,5.551115123125783e-16,-8,analysis_weight,national_team_eligible,Senegal
leave_one_national_team_eligible_out,minutes_share,treated_x_acute,0.029631239317479904,0.02559804858505395,-0.02054001398373233,0.07980249261869214,0.24704424367933453,15872,992,1568,6.106226635438361e-16,-8,analysis_weight,national_team_eligible,Serbia
leave_one_national_team_eligible_out,minutes_share,treated_x_consolidated,0.08213420108245079,0.027970256418921334,0.027313505863014703,0.13695489630188687,0.003319563026301431,15872,992,1568,6.106226635438361e-16,-8,analysis_weight,national_team_eligible,Serbia
leave_one_national_team_eligible_out,minutes_share,treated_x_acute,0.0334241861294976,0.027281024296713176,-0.02004563895342238,0.08689401121241758,0.22050712131288464,13088,818,1568,6.106226635438361e-16,-8,analysis_weight,national_team_eligible,Spain
leave_one_national_team_eligible_out,minutes_share,treated_x_consolidated,0.08400745159144543,0.029892405690297625,0.025419413027201916,0.14259549015568895,0.004949110157691283,13088,818,1568,6.106226635438361e-16,-8,analysis_weight,national_team_eligible,Spain
leave_one_national_team_eligible_out,minutes_share,treated_x_acute,0.019844511681511558,0.025761173225851763,-0.030646460040655424,0.07033548340367854,0.44110630339913426,15984,999,1568,6.106226635438361e-16,-8,analysis_weight,national_team_eligible,Switzerland
leave_one_national_team_eligible_out,minutes_share,treated_x_consolidated,0.0894437105326086,0.027576205604118404,0.03539534071826493,0.14349208034695227,0.0011806648734591363,15984,999,1568,6.106226635438361e-16,-8,analysis_weight,national_team_eligible,Switzerland
leave_one_national_team_eligible_out,minutes_share,treated_x_acute,0.023029797222086028,0.02563626721733242,-0.027216363221930384,0.07327595766610244,0.36901028162094907,16128,1008,1568,6.106226635438361e-16,-8,analysis_weight,national_team_eligible,Tunisia
leave_one_national_team_eligible_out,minutes_share,treated_x_consolidated,0.08281007066388373,0.027798399082315906,0.028326209634673263,0.13729393169309417,0.0028923696266187626,16128,1008,1568,6.106226635438361e-16,-8,analysis_weight,national_team_eligible,Tunisia
leave_one_national_team_eligible_out,minutes_share,treated_x_acute,0.02153143469393946,0.02570419474440475,-0.028847861256697586,0.07191073064457651,0.4022203967988185,16032,1002,1568,6.106226635438361e-16,-8,analysis_weight,national_team_eligible,USA
leave_one_national_team_eligible_out,minutes_share,treated_x_consolidated,0.0833502813904489,0.027763627621714474,0.028934571171707085,0.1377659916091907,0.0026808934851549893,16032,1002,1568,6.106226635438361e-16,-8,analysis_weight,national_team_eligible,USA
leave_one_national_team_eligible_out,minutes_share,treated_x_acute,0.02723197356650847,0.025215646579764633,-0.022189785576720807,0.07665373270973774,0.280158511354494,15984,999,1568,6.106226635438361e-16,-8,analysis_weight,national_team_eligible,Uruguay
leave_one_national_team_eligible_out,minutes_share,treated_x_consolidated,0.0872138418660002,0.02744952947905612,0.033413752694479694,0.14101393103752072,0.001486820932112387,15984,999,1568,6.106226635438361e-16,-8,analysis_weight,national_team_eligible,Uruguay
leave_one_national_team_eligible_out,minutes_share,treated_x_acute,0.0267259926955275,0.025628966596333118,-0.023505858794265505,0.0769578441853205,0.2970390094705637,16080,1005,1568,6.106226635438361e-16,-8,analysis_weight,national_team_eligible,Wales
leave_one_national_team_eligible_out,minutes_share,treated_x_consolidated,0.07992677774514301,0.027654555533597497,0.02572484489082906,0.13412871059945697,0.0038501534415051886,16080,1005,1568,6.106226635438361e-16,-8,analysis_weight,national_team_eligible,Wales
