specification,outcome,coefficient,estimate,standard_error_player,ci_lower_player,ci_upper_player,p_value_player,standard_error_double_cluster,ci_lower_double_cluster,ci_upper_double_cluster,p_value_double_cluster,effect_sd,percent_of_treated_baseline,baseline_weighted_sd,treated_baseline_mean,n_observations,n_players,n_club_games,within_r_squared,fe_iterations,fe_max_error,p_value_holm_acute_family
primary_player_club_game_fe,minutes_share,treated_x_acute,0.023291536099583253,0.02516463849345484,-0.026030249031558504,0.072613321230725,0.3546715218743446,0.02747180927401962,-0.030552220667648636,0.07713529286681514,0.3965303813602086,0.06027500719068496,3.3935736815555666,0.3864211251920478,0.6863424308767841,16240,1015,1568,0.002353409605121426,2,6.106226635438361e-16,1.0
primary_player_club_game_fe,minutes_share,treated_x_consolidated,0.08348551877967521,0.02725962601835646,0.03005763355166556,0.13691340400768487,0.0021941808746950286,0.029167361287341615,0.026318541132417828,0.1406524964269326,0.004205885893722172,0.21604801947146046,12.16382887373358,0.3864211251920478,0.6863424308767841,16240,1015,1568,0.002353409605121426,2,6.106226635438361e-16,
external_player_league_position_week_fe,minutes_share,treated_x_acute,0.00517341660011041,0.02778821582482077,-0.049290485611164274,0.0596373188113851,0.852309065752132,0.0281790594274249,-0.05005652499585626,0.06040335819607708,0.8543344660416765,0.013388027369205732,0.7537661038239335,0.3864211251920478,0.6863424308767841,16240,1015,1568,0.0018081902793735116,11,5.283271042877402e-11,
external_player_league_position_week_fe,minutes_share,treated_x_consolidated,0.050851660051493164,0.028627255072575773,-0.005256728866996907,0.10696004896998323,0.07567734414325811,0.028790405834598375,-0.005576498484611475,0.1072798185875978,0.07735038775855574,0.1315964804621392,7.409080039905376,0.3864211251920478,0.6863424308767841,16240,1015,1568,0.0018081902793735116,11,5.283271042877402e-11,
external_player_league_position_week_fe,minutes_share,control_is_home,0.011430949761775416,0.006703201319447478,-0.0017070834054630068,0.02456898292901384,0.08813902843604704,0.005403163544024135,0.0008409438129083156,0.02202095571064252,0.034378574542007545,0.029581586038015747,1.6654878450648434,0.3864211251920478,0.6863424308767841,16240,1015,1568,0.0018081902793735116,11,5.283271042877402e-11,
external_player_league_position_week_fe,minutes_share,control_days_since_club_game,-0.0005505216487431299,0.00047972550985037076,-0.0014907663705149713,0.00038972307302871157,0.2511434983368339,0.0003082641660247155,-0.001154708311875848,5.36650143895882e-05,0.07411929936705786,-0.001424667578589358,-0.08021093028444316,0.3864211251920478,0.6863424308767841,16240,1015,1568,0.0018081902793735116,11,5.283271042877402e-11,
external_player_league_position_week_fe,minutes_share,control_pre_opponent_ppg,0.012687349331823939,0.006927871138728254,-0.0008910285896179294,0.026265727253265807,0.06704848015555043,0.006066562567725232,0.0007971051891236553,0.02457759347452422,0.03649605543831669,0.032832959961799295,1.8485450936810344,0.3864211251920478,0.6863424308767841,16240,1015,1568,0.0018081902793735116,11,5.283271042877402e-11,
sensitivity_differential_linear_trend,minutes_share,treated_x_acute,-0.0162826376752972,0.03807985877889143,-0.09091778941829579,0.058352514067701394,0.6689482927135524,0.042176054396763536,-0.0989461853029559,0.06638090995236151,0.6994495971587031,-0.042137027749724804,-2.372378122462364,0.3864211251920478,0.6863424308767841,16240,1015,1568,0.002563157168100738,2,2.6645352591003757e-15,
sensitivity_differential_linear_trend,minutes_share,treated_x_consolidated,0.02129753141914836,0.054754924091877946,-0.08602014777715691,0.12861521061545364,0.6973049778267726,0.060363983427487417,-0.09701370206209964,0.13960876490039636,0.7242244970325893,0.05511482170795833,3.1030474674196276,0.3864211251920478,0.6863424308767841,16240,1015,1568,0.002563157168100738,2,2.6645352591003757e-15,
sensitivity_differential_linear_trend,minutes_share,treated_x_linear_time,0.005653453396411566,0.004404208590707255,-0.0029786368217765598,0.014285543614599692,0.1992651587734926,0.00495062162465369,-0.004049586688994834,0.015356493481817966,0.2534671599420224,0.01463029070577301,0.8237074005740007,0.3864211251920478,0.6863424308767841,16240,1015,1568,0.002563157168100738,2,2.6645352591003757e-15,
primary_player_club_game_fe,in_match_squad,treated_x_acute,0.03060219886629792,0.024996728531621878,-0.018390488787005742,0.07959488651960159,0.2208586270723445,0.026450494263209723,-0.021239817262876437,0.08244421499547228,0.24728816213097193,0.11113931909528253,3.33592873043053,0.27534988620959505,0.9173516984083904,16240,1015,1568,0.0013417819157055533,2,3.3306690738754696e-16,1.0
primary_player_club_game_fe,in_match_squad,treated_x_consolidated,0.05198765289484713,0.02808429080635127,-0.0030565456169506997,0.10703185140664495,0.06415095732357745,0.02957948791672071,-0.005987078103063162,0.10996238389275742,0.07882281823743842,0.18880579037274187,5.667145216501583,0.27534988620959505,0.9173516984083904,16240,1015,1568,0.0013417819157055533,2,3.3306690738754696e-16,
external_player_league_position_week_fe,in_match_squad,treated_x_acute,0.007371053782655434,0.0277492766742036,-0.04701652909582102,0.06175863666113189,0.7905238062322588,0.02793845398536155,-0.04738730981238273,0.062129417377693605,0.7919094971086298,0.026769772394402307,0.8035144858230762,0.27534988620959505,0.9173516984083904,16240,1015,1568,0.0007264468795129542,11,5.283271042877402e-11,
external_player_league_position_week_fe,in_match_squad,treated_x_consolidated,0.031991708527322756,0.02867430136945046,-0.024208889438647685,0.0881923064932932,0.26455369919991645,0.029017685647013323,-0.024881910255528203,0.08886532731017371,0.2702486994221809,0.11618566097016948,3.487398408138179,0.27534988620959505,0.9173516984083904,16240,1015,1568,0.0007264468795129542,11,5.283271042877402e-11,
external_player_league_position_week_fe,in_match_squad,control_is_home,0.008301522928793223,0.0052144082668867985,-0.0019185294749928215,0.018521575332579268,0.11137673438742146,0.005018511559503202,-0.0015345789838309906,0.018137624841417437,0.09809088545804356,0.030148997128962466,0.9049444115268338,0.27534988620959505,0.9173516984083904,16240,1015,1568,0.0007264468795129542,11,5.283271042877402e-11,
external_player_league_position_week_fe,in_match_squad,control_days_since_club_game,0.00024833399727978707,0.0003865418206542914,-0.0005092740497211647,0.001005942044280739,0.5205807004129221,0.0002845135935576277,-0.0003093023992052303,0.0008059703937648044,0.3827519179856873,0.0009018852366285577,0.027070751349852817,0.27534988620959505,0.9173516984083904,16240,1015,1568,0.0007264468795129542,11,5.283271042877402e-11,
external_player_league_position_week_fe,in_match_squad,control_pre_opponent_ppg,-0.0007806255274923366,0.005608285448979595,-0.011772663022512387,0.010211411967527714,0.8892988443813561,0.005350834211370206,-0.01126806786902272,0.009706816814038047,0.8840093583943809,-0.0028350312333092014,-0.0850955559189268,0.27534988620959505,0.9173516984083904,16240,1015,1568,0.0007264468795129542,11,5.283271042877402e-11,
sensitivity_differential_linear_trend,in_match_squad,treated_x_acute,-0.011476427119872512,0.035571705308349785,-0.08119568839291033,0.05824283415316531,0.7469770075646367,0.037677983711988265,-0.08532391820545628,0.06237106396571125,0.7606766164653291,-0.04167943294930839,-1.2510389570089824,0.27534988620959505,0.9173516984083904,16240,1015,1568,0.0016677006854980414,2,2.6645352591003757e-15,
sensitivity_differential_linear_trend,in_match_squad,treated_x_consolidated,-0.014135902226277718,0.043312104145694065,-0.09902606644648604,0.07075426199393059,0.744142147952285,0.046922000560870175,-0.10610133340815145,0.07782952895559603,0.7632133097099785,-0.0513379628401863,-1.540946863760494,0.27534988620959505,0.9173516984083904,16240,1015,1568,0.0016677006854980414,2,2.6645352591003757e-15,
sensitivity_differential_linear_trend,in_match_squad,treated_x_linear_time,0.006011232283738627,0.0035737340634031762,-0.0009931577708555787,0.013015622338332833,0.09255735962005618,0.0039012664192836027,-0.0016351093921527704,0.013657573959630024,0.12335542366548458,0.021831250292084395,0.6552810982056438,0.27534988620959505,0.9173516984083904,16240,1015,1568,0.0016677006854980414,2,2.6645352591003757e-15,
primary_player_club_game_fe,played,treated_x_acute,0.014357564991139183,0.02536762306615899,-0.035362062591919964,0.06407719257419833,0.5714074383736234,0.02739484997455311,-0.03933535432086292,0.06805048430314128,0.6002109150021568,0.04105110969129229,1.6751411039680633,0.3497485232216437,0.8570958564104885,16240,1015,1568,0.001982496727742533,2,4.440892098500626e-16,1.0
primary_player_club_game_fe,played,treated_x_consolidated,0.07687346219285265,0.028015837028920514,0.02196343061942483,0.13178349376628049,0.006070870288902963,0.029836532413485838,0.01839493323885849,0.13535199114684682,0.00998097234264872,0.21979638822988304,8.969062400417869,0.3497485232216437,0.8570958564104885,16240,1015,1568,0.001982496727742533,2,4.440892098500626e-16,
external_player_league_position_week_fe,played,treated_x_acute,-0.008058518071715,0.029206535391101008,-0.06530227555146742,0.04918523940803743,0.7826134352216276,0.02938865275302445,-0.06565921902179682,0.049542182878366814,0.7839270193805021,-0.023040892345978916,-0.9402119974612896,0.3497485232216437,0.8570958564104885,16240,1015,1568,0.0008884186132652738,11,5.283271042877402e-11,
external_player_league_position_week_fe,played,treated_x_consolidated,0.03420990942255532,0.02940794905719344,-0.023428611588732447,0.09184843043384308,0.24471273922338854,0.02949952952113723,-0.023608105999749746,0.09202792484486039,0.24618056530985166,0.09781287739955864,3.991374963102282,0.3497485232216437,0.8570958564104885,16240,1015,1568,0.0008884186132652738,11,5.283271042877402e-11,
external_player_league_position_week_fe,played,control_is_home,0.009205305930728573,0.007109500704593087,-0.0047290593983360125,0.02313967125979316,0.19539290035369605,0.006487487907948098,-0.0035099367189887973,0.021920548580445943,0.15591876372771263,0.026319784987040414,1.074011251119604,0.3497485232216437,0.8570958564104885,16240,1015,1568,0.0008884186132652738,11,5.283271042877402e-11,
external_player_league_position_week_fe,played,control_days_since_club_game,-0.00012024816442500839,0.0005110064741312027,-0.0011218024495889642,0.0008813061207389474,0.8139632270191528,0.0003798389878186759,-0.0008647189004737613,0.0006242225716237444,0.7515648355143261,-0.0003438132156137922,-0.014029721824651781,0.3497485232216437,0.8570958564104885,16240,1015,1568,0.0008884186132652738,11,5.283271042877402e-11,
external_player_league_position_week_fe,played,control_pre_opponent_ppg,0.007489991083327541,0.006881044410600613,-0.005996608137470301,0.02097659030412538,0.27637608819167836,0.006260421635776595,-0.004780209850829914,0.019760192017484995,0.23153909088586078,0.02141536156989278,0.8738802115664835,0.3497485232216437,0.8570958564104885,16240,1015,1568,0.0008884186132652738,11,5.283271042877402e-11,
sensitivity_differential_linear_trend,played,treated_x_acute,0.01004723933584872,0.036484823031028825,-0.061461699787285246,0.08155617845898269,0.7830232811364883,0.04017988549514832,-0.06870388913758528,0.08879836780928273,0.8025436978163034,0.02872703862564004,1.1722422014646632,0.3497485232216437,0.8570958564104885,16240,1015,1568,0.001984918580924644,2,2.6645352591003757e-15,
sensitivity_differential_linear_trend,played,treated_x_consolidated,0.0701000933059668,0.05231944292992771,-0.03244413052789026,0.17264431713982387,0.180294814336861,0.05753631527350663,-0.042669012433248,0.1828691990451816,0.22308621995682376,0.2004299908409985,8.178792696483857,0.3497485232216437,0.8570958564104885,16240,1015,1568,0.001984918580924644,2,2.6645352591003757e-15,
sensitivity_differential_linear_trend,played,treated_x_linear_time,0.0006157608078987427,0.004243289824676996,-0.007700934424433448,0.008932456040230933,0.8846208559073219,0.004727518495187629,-0.008650005178916,0.009881526794713486,0.8963683821735127,0.001760581580807765,0.07184270035764083,0.3497485232216437,0.8570958564104885,16240,1015,1568,0.001984918580924644,2,2.6645352591003757e-15,
primary_player_club_game_fe,started,treated_x_acute,0.009454679961174934,0.028601125924943405,-0.04660249676900897,0.06551185669135884,0.740969157622418,0.03148645180992136,-0.05225763158722691,0.07116699150957678,0.7639653263816784,0.02073361925879654,1.3409389825460838,0.4560072143296278,0.7050790590950701,16240,1015,1568,0.0015550353484793389,2,4.440892098500626e-16,1.0
primary_player_club_game_fe,started,treated_x_consolidated,0.07825717487510675,0.030976388566600083,0.01754456891345229,0.1389697808367612,0.011525485274111125,0.03378602918011536,0.012037774501461318,0.14447657524875218,0.02054416265411918,0.1716138964822123,11.099063837684458,0.4560072143296278,0.7050790590950701,16240,1015,1568,0.0015550353484793389,2,4.440892098500626e-16,
external_player_league_position_week_fe,started,treated_x_acute,-0.008485726312480572,0.031064959513525673,-0.06937192814018579,0.052400475515224657,0.7847296827615027,0.03156072912457302,-0.07034361872246803,0.05337216609750689,0.7880298925744711,-0.018608754523665515,-1.2035141595853849,0.4560072143296278,0.7050790590950701,16240,1015,1568,0.001218007219717654,11,5.283271042877402e-11,
external_player_league_position_week_fe,started,treated_x_consolidated,0.04370285083615621,0.031961365901400945,-0.018940275227296195,0.10634597689960862,0.1715109491882152,0.0327078762117295,-0.020403408549627973,0.1078091102219404,0.18149803161909395,0.0958380689226669,6.198290854396725,0.4560072143296278,0.7050790590950701,16240,1015,1568,0.001218007219717654,11,5.283271042877402e-11,
external_player_league_position_week_fe,started,control_is_home,0.013760662349655343,0.00777607490722556,-0.0014801644095923938,0.02900148910890308,0.07679122217380563,0.006132824779631568,0.0017405466580826794,0.025780778041228004,0.024847055638223203,0.030176413699692824,1.9516481410349062,0.4560072143296278,0.7050790590950701,16240,1015,1568,0.001218007219717654,11,5.283271042877402e-11,
external_player_league_position_week_fe,started,control_days_since_club_game,-0.0005474123435350053,0.0005897381242011586,-0.0017032778272794852,0.0006084531402094746,0.35328851810124684,0.00043586015206190494,-0.00140168254387249,0.00030685785680247956,0.20913926850544806,-0.0012004466735021974,-0.07763843450939795,0.4560072143296278,0.7050790590950701,16240,1015,1568,0.001218007219717654,11,5.283271042877402e-11,
external_player_league_position_week_fe,started,control_pre_opponent_ppg,0.009585955752125175,0.00853549663588333,-0.007143310244368942,0.02631522174861929,0.26140798777265206,0.007554397203161412,-0.0052203906909813035,0.024392302195231655,0.204468179303271,0.021021500210731105,1.3595575742141908,0.4560072143296278,0.7050790590950701,16240,1015,1568,0.001218007219717654,11,5.283271042877402e-11,
sensitivity_differential_linear_trend,started,treated_x_acute,-0.005439759345444707,0.04573439581150458,-0.09507752799069316,0.08419800929980376,0.9053209803892357,0.05061044097133504,-0.1046344008909517,0.0937548822000623,0.9144058532550796,-0.011929108080979923,-0.7715105526501292,0.4560072143296278,0.7050790590950701,16240,1015,1568,0.0015763684929007704,2,2.6645352591003757e-15,
sensitivity_differential_linear_trend,started,treated_x_consolidated,0.054851627393275135,0.06649903799952202,-0.07548409209234848,0.18518734687889876,0.40945764479561775,0.07398821346220325,-0.09016260627310478,0.19986586105965504,0.45847744007848545,0.12028675351970479,7.779500282376016,0.4560072143296278,0.7050790590950701,16240,1015,1568,0.0015763684929007704,2,2.6645352591003757e-15,
sensitivity_differential_linear_trend,started,treated_x_linear_time,0.00212777704380292,0.005322146240164889,-0.00830343790737552,0.012558991994981361,0.689306186759018,0.006093652958743529,-0.009815563289620332,0.014071117377226173,0.7269547586218017,0.004666103905682602,0.30177850502804665,0.4560072143296278,0.7050790590950701,16240,1015,1568,0.0015763684929007704,2,2.6645352591003757e-15,
primary_player_club_game_fe,minutes_played,treated_x_acute,2.0962382489624987,2.2648174644109353,-2.3427224128402595,6.535198910765256,0.35467152187434303,2.4724628346617648,-2.7496998600883695,6.942176358013366,0.3965303813602068,0.06027500719068513,3.3935736815555755,34.7779012672843,61.77081877891058,16240,1015,1568,0.002353409605121204,2,6.394884621840902e-14,1.0
primary_player_club_game_fe,minutes_played,treated_x_consolidated,7.513696690170798,2.4533663416520812,2.705187019649931,12.322206360691666,0.0021941808746950286,2.625062515860746,2.368668701917633,12.658724678423964,0.004205885893722172,0.21604801947146132,12.163828873733626,34.7779012672843,61.77081877891058,16240,1015,1568,0.002353409605121204,2,6.394884621840902e-14,
external_player_league_position_week_fe,minutes_played,treated_x_acute,0.46560749401003354,2.5009394242338883,-4.436143705004726,5.3673586930247925,0.8523090657521029,2.5361153484682646,-4.505087249627013,5.436302237647079,0.8543344660416479,0.013388027369208511,0.7537661038240899,34.7779012672843,61.77081877891058,16240,1015,1568,0.0018081902793736226,12,1.1660006293823244e-11,
external_player_league_position_week_fe,minutes_played,treated_x_consolidated,4.576649404634405,2.5764529565318175,-0.4731055980296981,9.626404407298509,0.07567734414325633,2.591136525113853,-0.5018848636150111,9.65518367288382,0.0773503877585544,0.1315964804621398,7.409080039905407,34.7779012672843,61.77081877891058,16240,1015,1568,0.0018081902793736226,12,1.1660006293823244e-11,
external_player_league_position_week_fe,minutes_played,control_is_home,1.028785478559789,0.6032881187502738,-0.15363750649167063,2.2112084636112486,0.08813902843604704,0.48628471896217496,0.07568494316174434,1.9818860139578336,0.03437857454200843,0.029581586038015792,1.6654878450648458,34.7779012672843,61.77081877891058,16240,1015,1568,0.0018081902793736226,12,1.1660006293823244e-11,
external_player_league_position_week_fe,minutes_played,control_days_since_club_game,-0.049546948386881486,0.04317529588653338,-0.13416897334634723,0.03507507657258426,0.25114349833683614,0.027743774942224776,-0.10392374806882684,0.004829851295063879,0.07411929936706319,-0.0014246675785893521,-0.08021093028444283,34.7779012672843,61.77081877891058,16240,1015,1568,0.0018081902793736226,12,1.1660006293823244e-11,
external_player_league_position_week_fe,minutes_played,control_pre_opponent_ppg,1.1418614398641558,0.6235084024855425,-0.08019257306561167,2.3639154527939232,0.06704848015554998,0.5459906310952698,0.07173946702113221,2.2119834127071796,0.036496055438316244,0.032832959961799336,1.8485450936810361,34.7779012672843,61.77081877891058,16240,1015,1568,0.0018081902793736226,12,1.1660006293823244e-11,
sensitivity_differential_linear_trend,minutes_played,treated_x_acute,-1.465437390776992,3.427187290100227,-8.182601047646862,5.251726266092878,0.6689482927135004,3.7958448957087048,-8.90515667726625,5.974281895712266,0.6994495971586545,-0.04213702774973182,-2.372378122462759,34.7779012672843,61.77081877891058,16240,1015,1568,0.002563157168100627,2,6.394884621840902e-14,
sensitivity_differential_linear_trend,minutes_played,treated_x_consolidated,1.916777827723,4.927943168269009,-7.7418132999444635,11.575368955390463,0.6973049778268252,5.432758508473845,-8.731233185589275,12.564788841035277,0.7242244970326368,0.0551148217079482,3.1030474674190573,34.7779012672843,61.77081877891058,16240,1015,1568,0.002563157168100627,2,6.394884621840902e-14,
sensitivity_differential_linear_trend,minutes_played,treated_x_linear_time,0.5088108056770762,0.39637877316365266,-0.26807731395985457,1.2856989253140068,0.19926515877346085,0.44555594621882977,-0.3644628020094953,1.3820844133636476,0.2534671599419873,0.014630290705774025,0.8237074005740576,34.7779012672843,61.77081877891058,16240,1015,1568,0.002563157168100627,2,6.394884621840902e-14,
primary_player_club_game_fe,npxg_xa_per_club_match,treated_x_acute,0.012714989677590454,0.013923471895987704,-0.014574513778301061,0.04000449313348197,0.36113452611015706,0.015433828633360716,-0.01753475858735959,0.04296473794254049,0.41003105439127063,0.04437963051385331,7.946542129062515,0.2865050819569444,0.16000657230631823,15632,977,1568,0.00019386096226436944,2,3.885780586188048e-16,1.0
primary_player_club_game_fe,npxg_xa_per_club_match,treated_x_consolidated,0.012740912892235527,0.013467979921397854,-0.013655842698212848,0.0391376684826839,0.34414086485256856,0.013900787766614577,-0.014504130487064013,0.03998595627153507,0.3593729944458359,0.04447011133348837,7.962743472714479,0.2865050819569444,0.16000657230631823,15632,977,1568,0.00019386096226436944,2,3.885780586188048e-16,
external_player_league_position_week_fe,npxg_xa_per_club_match,treated_x_acute,0.010980242090330687,0.01438584783584673,-0.01721550155500238,0.03917598573566375,0.44530421279411536,0.01453214978155928,-0.017502248099467113,0.03946273228012848,0.44989938523599093,0.03832477251478835,6.862369421494761,0.2865050819569444,0.16000657230631823,15632,977,1568,0.012892911034999788,11,5.283271042877402e-11,
external_player_league_position_week_fe,npxg_xa_per_club_match,treated_x_consolidated,0.013332954034166985,0.013627149085012339,-0.013375767384415144,0.040041675452749115,0.32787103655578376,0.012640257946245102,-0.011441496295769639,0.038107404364103606,0.2915164444440581,0.04653653590748747,8.332753987531362,0.2865050819569444,0.16000657230631823,15632,977,1568,0.012892911034999788,11,5.283271042877402e-11,
external_player_league_position_week_fe,npxg_xa_per_club_match,control_is_home,0.03796509992794693,0.00493118021939449,0.02830016429665741,0.04763003555923645,1.3766765505351941e-14,0.005611120565953997,0.026967505705765095,0.048962694150128765,1.3234968676556491e-11,0.13251108730298988,23.727212814275,0.2865050819569444,0.16000657230631823,15632,977,1568,0.012892911034999788,11,5.283271042877402e-11,
external_player_league_position_week_fe,npxg_xa_per_club_match,control_days_since_club_game,0.0006118749381973918,0.00042805157201814773,-0.00022709072648393073,0.0014508406028787145,0.1528772052091103,0.0005383364066952623,-0.00044324503049202914,0.0016669949068868128,0.2557041584869273,0.0021356512562291778,0.38240612830953724,0.2865050819569444,0.16000657230631823,15632,977,1568,0.012892911034999788,11,5.283271042877402e-11,
external_player_league_position_week_fe,npxg_xa_per_club_match,control_pre_opponent_ppg,-0.03419089099970724,0.004810628336017594,-0.04361954928130957,-0.02476223271810491,1.1828316104356418e-12,0.00535692648500289,-0.044690273978141654,-0.023691508021272834,1.7415469066861533e-10,-0.1193378168588486,-21.368429125681068,0.2865050819569444,0.16000657230631823,15632,977,1568,0.012892911034999788,11,5.283271042877402e-11,
sensitivity_differential_linear_trend,npxg_xa_per_club_match,treated_x_acute,0.016947835405776275,0.020677050440436537,-0.023578438763997393,0.05747410957554994,0.4124186669475265,0.023581438274559843,-0.029270934316015365,0.06316660512756792,0.47232955400613297,0.05915369908978848,10.59196204349104,0.2865050819569444,0.16000657230631823,15632,977,1568,0.00019954928995902232,2,2.220446049250313e-15,
sensitivity_differential_linear_trend,npxg_xa_per_club_match,treated_x_consolidated,0.019392527607955592,0.026967100599544616,-0.03346201833462034,0.07224707355053153,0.4720682139443393,0.03004037298885081,-0.03948552153234185,0.07827057674825302,0.518571585831453,0.06768650480995612,12.119831909673271,0.2865050819569444,0.16000657230631823,15632,977,1568,0.00019954928995902232,2,2.220446049250313e-15,
sensitivity_differential_linear_trend,npxg_xa_per_club_match,treated_x_linear_time,-0.0006046922468836497,0.002392872981861316,-0.005294637110910794,0.004085252617143495,0.8004957704336457,0.0025745562609274064,-0.005650729794473471,0.004441345300706172,0.8143077602614899,-0.0021105812251334586,-0.37791713063262217,0.2865050819569444,0.16000657230631823,15632,977,1568,0.00019954928995902232,2,2.220446049250313e-15,
