specification,outcome,coefficient,estimate,standard_error_player,ci_lower_player,ci_upper_player,p_value_player,standard_error_double_cluster,ci_lower_double_cluster,ci_upper_double_cluster,p_value_double_cluster,effect_sd,percent_of_treated_baseline,baseline_weighted_sd,treated_baseline_mean,n_observations,n_players,n_club_games,within_r_squared,fe_iterations,fe_max_error,relative_club_match,simultaneous_critical_value,simultaneous_lower,simultaneous_upper,simultaneous_lower_sd,simultaneous_upper_sd
event_study_player_club_game_fe,minutes_share,event_-8,-0.028260963159156632,0.04454307211294837,-0.11556378026130586,0.05904185394299259,0.5257782374964899,0.04935827332615481,-0.12500140121750408,0.0684794748991908,0.5669372959086028,-0.07313514017928287,-4.117618536719929,0.3864211251920478,0.6863424308767841,16240,1015,1568,0.0038637156463341427,2,6.106226635438361e-16,-8,2.7828498978763268,-0.15221764683977285,0.0956957205214596,-0.393916473288364,0.24764619292979825
event_study_player_club_game_fe,minutes_share,event_-7,-0.009417469596938594,0.04019956685347576,-0.08820717282386122,0.06937223362998403,0.814776975905037,0.045119284005151604,-0.09784964125526983,0.07901470206139265,0.8346638390940815,-0.024371000918384563,-1.3721240554671852,0.3864211251920478,0.6863424308767841,16240,1015,1568,0.0038637156463341427,2,6.106226635438361e-16,-7,2.7828498978763268,-0.12128683010980619,0.102451890915929,-0.31387215191593815,0.26513015007916907
event_study_player_club_game_fe,minutes_share,event_-6,-0.02566435685190882,0.040738094011142395,-0.10550955391255476,0.05418084020873712,0.5287049010186897,0.047218092821608146,-0.11821011820093003,0.06688140449711238,0.5867662988912614,-0.06641551193443129,-3.7392933464893447,0.3864211251920478,0.6863424308767841,16240,1015,1568,0.0038637156463341427,2,6.106226635438361e-16,-6,2.7828498978763268,-0.13903235761049265,0.087703643906675,-0.3597949194454491,0.2269638955765865
event_study_player_club_game_fe,minutes_share,event_-5,-0.015206649662195842,0.04240456265472538,-0.09831806524562975,0.06790476592123806,0.7198877567709712,0.047389131134461034,-0.1080876399443852,0.07767434061999351,0.7482945300199795,-0.03935253191615307,-2.2156068134633253,0.3864211251920478,0.6863424308767841,16240,1015,1568,0.0038637156463341427,2,6.106226635438361e-16,-5,2.7828498978763268,-0.13321218251538866,0.10279888319099698,-0.3447331779523788,0.26602811412007266
event_study_player_club_game_fe,minutes_share,event_-4,-0.03500702136777001,0.041308413298322785,-0.11597002369097807,0.045955980955438056,0.3967415596510211,0.04424823860702777,-0.12173197541687919,0.051717932681339174,0.42885610354123527,-0.09059292850610028,-5.100518311690197,0.3864211251920478,0.6863424308767841,16240,1015,1568,0.0038637156463341427,2,6.106226635438361e-16,-4,2.7828498978763268,-0.14996213509644069,0.07994809236090065,-0.38807954669121897,0.2068936896790184
event_study_player_club_game_fe,minutes_share,event_-3,-0.026795971220602816,0.039610117074457496,-0.10443037410995454,0.05083843166874891,0.4987276201364521,0.044102406656935156,-0.11323509989973522,0.05964315745852959,0.5434625943189848,-0.06934396044544786,-3.904169408027372,0.3864211251920478,0.6863424308767841,16240,1015,1568,0.0038637156463341427,2,6.106226635438361e-16,-3,2.7828498978763268,-0.13702498147612618,0.08343303903492057,-0.35460013064251084,0.21591220975161515
event_study_player_club_game_fe,minutes_share,event_-2,0.00215018788262919,0.03916537957937436,-0.07461254553378503,0.07891292129904341,0.9562179580883503,0.04341611132246227,-0.0829438266581785,0.08724420242343688,0.9605008233088932,0.005564364219374823,0.31328208571957034,0.3864211251920478,0.6863424308767841,16240,1015,1568,0.0038637156463341427,2,6.106226635438361e-16,-2,2.7828498978763268,-0.10684118468012033,0.1111415604453787,-0.2764889849824365,0.2876177134211862
event_study_player_club_game_fe,minutes_share,event_+1,-0.05418532271542209,0.03695638844720298,-0.12661851307061206,0.01824786763976788,0.14259479632646643,0.0440174722104487,-0.1404579829383942,0.03208733750755002,0.21832444109703886,-0.14022350017352825,-7.8947942423145525,0.3864211251920478,0.6863424308767841,16240,1015,1568,0.0038637156463341427,2,6.106226635438361e-16,1,2.7828498978763268,-0.15702940453159878,0.048658759100754595,-0.4063685815664363,0.12592158121937985
event_study_player_club_game_fe,minutes_share,event_+2,-0.006938808079936604,0.037204910742176016,-0.07985909318262895,0.06598147702275574,0.8520507350968751,0.041939236485363546,-0.08913820113035734,0.07526058497048413,0.8685905259004567,-0.017956596126798396,-1.0109834053349231,0.3864211251920478,0.6863424308767841,16240,1015,1568,0.0038637156463341427,2,6.106226635438361e-16,2,2.7828498978763268,-0.11047449013929898,0.09659687397942578,-0.28589143537220996,0.24997824311861316
event_study_player_club_game_fe,minutes_share,event_+3,0.009528399267130533,0.04000319583950675,-0.0688764238448052,0.08793322237906627,0.8117329950947934,0.04355075324321237,-0.07582950858915664,0.09488630712341771,0.8268148897595478,0.024658070291563396,1.388286493515818,0.3864211251920478,0.6863424308767841,16240,1015,1568,0.0038637156463341427,2,6.106226635438361e-16,3,2.7828498978763268,-0.10179449018956752,0.12085128872382858,-0.2634288954543481,0.3127450360374749
event_study_player_club_game_fe,minutes_share,event_+4,0.07566075393859106,0.04220843123233234,-0.007066251120715877,0.158387758997898,0.07304479168246303,0.04796460457268082,-0.01834814355656851,0.16966965143375062,0.11469686755741648,0.19579869993129478,11.023761687287273,0.3864211251920478,0.6863424308767841,16240,1015,1568,0.0038637156463341427,2,6.106226635438361e-16,4,2.7828498978763268,-0.04179897460582495,0.19312048248300706,-0.10816948629568644,0.49976688615827597
event_study_player_club_game_fe,minutes_share,event_+5,0.0838833546002383,0.04405599590354937,-0.002464810673762599,0.17023151987423918,0.056908001382066864,0.04677767926455326,-0.007799212038652151,0.17556592123912873,0.07293541417834071,0.2170775589935696,12.221793499358556,0.3864211251920478,0.6863424308767841,16240,1015,1568,0.0038637156463341427,2,6.106226635438361e-16,5,2.7828498978763268,-0.03871786910079393,0.20648457830127054,-0.10019604668753941,0.5343511646746786
event_study_player_club_game_fe,minutes_share,event_+6,0.03942499355752849,0.04714182101011607,-0.05297127778793262,0.1318212649029896,0.4029827094473184,0.0527409231348647,-0.06394531629820162,0.14279530341325858,0.45474860568240816,0.10202597887973806,5.744216266385296,0.3864211251920478,0.6863424308767841,16240,1015,1568,0.0038637156463341427,2,6.106226635438361e-16,6,2.7828498978763268,-0.0917636182261771,0.17061360534123407,-0.2374705010772157,0.44152245883669183
event_study_player_club_game_fe,minutes_share,event_+7,0.09201942817162026,0.04548179916527832,0.002876739855590879,0.18116211648764963,0.043051054099696895,0.050436763554273754,-0.006834811891518688,0.1908736682347592,0.06808384449273186,0.2381324989048863,13.407218325999152,0.3864211251920478,0.6863424308767841,16240,1015,1568,0.0038637156463341427,2,6.106226635438361e-16,7,2.7828498978763268,-0.03454959199070612,0.21858844833394664,-0.08940916978474012,0.5656741675945127
event_study_player_club_game_fe,minutes_share,event_+8,0.04951317680134373,0.0409991856346247,-0.030843750437992618,0.12987010404068008,0.22717712877705765,0.04516602972649452,-0.03901061478725097,0.13803696838993845,0.2729701906750974,0.1281326862674398,7.214063210122674,0.3864211251920478,0.6863424308767841,16240,1015,1568,0.0038637156463341427,2,6.106226635438361e-16,8,2.7828498978763268,-0.06458140275498418,0.16360775635767166,-0.16712699835674824,0.42339237089162784
event_study_player_club_game_fe,in_match_squad,event_-8,-0.018504267740651142,0.034496488538147976,-0.08611614286851994,0.04910760738721766,0.5916750950251375,0.035807345706830994,-0.0886853757080148,0.05167684022671251,0.6053146635984592,-0.06720274337272027,-2.017139966357084,0.27534988620959505,0.9173516984083904,16240,1015,1568,0.0030561314967983977,2,3.3306690738754696e-16,-8,2.7852298574382313,-0.11458491759387661,0.07757638211257432,-0.41614296330834544,0.28173747656290493
event_study_player_club_game_fe,in_match_squad,event_-7,-0.0571745015508502,0.03178015884457493,-0.1194624683091791,0.0051134652074786985,0.07200874729526596,0.03594793070200691,-0.1276311510455254,0.013282147943824985,0.11172642015851286,-0.20764309126072866,-6.232560712543317,0.27534988620959505,0.9173516984083904,16240,1015,1568,0.0030561314967983977,2,3.3306690738754696e-16,-7,2.7852298574382313,-0.14568954883888996,0.03134054573718957,-0.5291069876382363,0.11382080511677892
event_study_player_club_game_fe,in_match_squad,event_-6,-0.06503024351867101,0.03401956625832839,-0.13170736815466869,0.001646881117326665,0.055933403288764394,0.04060685250587374,-0.14461821195571356,0.01455772491837154,0.10927510808697027,-0.23617312654042752,-7.0889107886864755,0.27534988620959505,0.9173516984083904,16240,1015,1568,0.0030561314967983977,2,3.3306690738754696e-16,-6,2.7852298574382313,-0.15978255519846546,0.029722068161123424,-0.5802891637181928,0.1079429106373377
event_study_player_club_game_fe,in_match_squad,event_-5,-0.05045905103165933,0.031592824727259175,-0.11237984966697376,0.011461747603655092,0.11022824713237944,0.034580316942130776,-0.11823522681221589,0.017317124748897225,0.14451442491337607,-0.18325430137730342,-5.500513174958527,0.27534988620959505,0.9173516984083904,16240,1015,1568,0.0030561314967983977,2,3.3306690738754696e-16,-5,2.7852298574382313,-0.13845232974283445,0.037534227679515766,-0.502823268419458,0.13631466566485118
event_study_player_club_game_fe,in_match_squad,event_-4,-0.04622636529116396,0.03236573566810413,-0.10966204153379146,0.01720931095146354,0.1532198841855057,0.03338159558327111,-0.11165309038085666,0.019200359798528743,0.16611792155954497,-0.16788227490305432,-5.039110449282094,0.27534988620959505,0.9173516984083904,16240,1015,1568,0.0030561314967983977,2,3.3306690738754696e-16,-4,2.7852298574382313,-0.1363723786319211,0.04391964804959318,-0.4952694206966734,0.15950487089056486
event_study_player_club_game_fe,in_match_squad,event_-3,-0.0500856891536315,0.033607836190385015,-0.11595583768510793,0.015784459377844937,0.1361459130427296,0.037168525719959655,-0.12293466092320308,0.022763282615940086,0.17780972203172918,-0.1818983470198586,-5.459813203652472,0.27534988620959505,0.9173516984083904,16240,1015,1568,0.0030561314967983977,2,3.3306690738754696e-16,-3,2.7852298574382313,-0.14369123795498498,0.04351985964772198,-0.5218496362319462,0.15805294219222907
event_study_player_club_game_fe,in_match_squad,event_-2,-0.006767806183050479,0.0287692386282792,-0.0631544777571162,0.049618865391015246,0.8140189412381647,0.029611586071847735,-0.06480544840897992,0.05126983604287896,0.8192166377014143,-0.02457893219501408,-0.7377547994725093,0.27534988620959505,0.9173516984083904,16240,1015,1568,0.0030561314967983977,2,3.3306690738754696e-16,-2,2.7852298574382313,-0.086896748586299,0.07336113622019805,-0.3155866515236313,0.26642878713360313
event_study_player_club_game_fe,in_match_squad,event_+1,-0.043106617707532074,0.03603448513487534,-0.11373291077333167,0.02751967535826752,0.23159506411959185,0.04001447358814581,-0.12153354480062707,0.03532030938556292,0.2813571410571476,-0.1565521537013439,-4.699028494995133,0.27534988620959505,0.9173516984083904,16240,1015,1568,0.0030561314967983977,2,3.3306690738754696e-16,1,2.7852298574382313,-0.143470941602601,0.057257706187536825,-0.5210495765136854,0.20794526911099764
event_study_player_club_game_fe,in_match_squad,event_+2,-0.021192057366382785,0.036069159476544536,-0.09188631089304165,0.04950219616027608,0.5568414030777054,0.040050572006932086,-0.09968973606019772,0.05730562132743215,0.5967135708606581,-0.07696410431871939,-2.310134423160834,0.27534988620959505,0.9173516984083904,16240,1015,1568,0.0030561314967983977,2,3.3306690738754696e-16,2,2.7852298574382313,-0.12165295727315575,0.07926884254039018,-0.4418122663778916,0.28788405774045284
event_study_player_club_game_fe,in_match_squad,event_+3,0.04292397559194938,0.034750203825223105,-0.025185172360913916,0.11103312354481268,0.216750470597862,0.03713051285743957,-0.02985049233613357,0.11569844352003233,0.24766900943694337,0.1558888444910264,4.679118779244939,0.27534988620959505,0.9173516984083904,16240,1015,1568,0.0030561314967983977,2,3.3306690738754696e-16,3,2.7852298574382313,-0.05386332965412624,0.139711280838025,-0.19561776616506651,0.5073954551471194
event_study_player_club_game_fe,in_match_squad,event_+4,-0.003340467287679852,0.03841708395157794,-0.0786365682238243,0.07195563364846459,0.9307091486334416,0.0438950914814645,-0.08937326568944118,0.08269233111408147,0.9393386189466757,-0.012131718424379895,-0.3641424868428956,0.27534988620959505,0.9173516984083904,16240,1015,1568,0.0030561314967983977,2,3.3306690738754696e-16,4,2.7852298574382313,-0.11034087654532583,0.10365994196996613,-0.400729697274452,0.3764662604256922
event_study_player_club_game_fe,in_match_squad,event_+5,0.03473832160151519,0.039346475822391,-0.042379353928947164,0.11185599713197754,0.3772996682499461,0.043030136483964976,-0.049599196156899145,0.11907583935992952,0.41949242693020494,0.12616065355869638,3.7868051764428343,0.27534988620959505,0.9173516984083904,16240,1015,1568,0.0030561314967983977,2,3.3306690738754696e-16,5,2.7852298574382313,-0.07485065764397972,0.1443273008470101,-0.2718383460198845,0.5241596531372772
event_study_player_club_game_fe,in_match_squad,event_+6,-0.018018355743218473,0.03985733403772819,-0.09613729497694812,0.06010058349051117,0.6512176378101224,0.04413943076418394,-0.10453005033911825,0.0684933388526813,0.6831162023071602,-0.06543803591588553,-1.9641709689403102,0.27534988620959505,0.9173516984083904,16240,1015,1568,0.0030561314967983977,2,3.3306690738754696e-16,6,2.7852298574382313,-0.12903019254298811,0.09299348105655117,-0.46860448834458907,0.33772841651281804
event_study_player_club_game_fe,in_match_squad,event_+7,0.017499733982854912,0.04184862249649216,-0.06452205891288239,0.09952152687859221,0.6758246535753298,0.04621009526964748,-0.07307038846781884,0.10806985643352866,0.7049111209782211,0.06355453500908366,1.9076362984030046,0.27534988620959505,0.9173516984083904,16240,1015,1568,0.0030561314967983977,2,3.3306690738754696e-16,7,2.7852298574382313,-0.09905829888703631,0.13405776685274612,-0.3597542757349592,0.4868633457531265
event_study_player_club_game_fe,in_match_squad,event_+8,0.02660694950340077,0.0366637461451218,-0.04525267247935719,0.09846657148615873,0.4680215490682622,0.04158046421914864,-0.05488926282658693,0.10810316183338847,0.5222437050788142,0.09662960050452929,2.900408812624859,0.27534988620959505,0.9173516984083904,16240,1015,1568,0.0030561314967983977,2,3.3306690738754696e-16,8,2.7852298574382313,-0.07551001094552832,0.12872390995232985,-0.2742329477051262,0.4674921487141847
event_study_player_club_game_fe,played,event_-8,-0.010642833395783938,0.04541795727615451,-0.09966039390842565,0.07837472711685778,0.8147280546130233,0.049207198015142256,-0.10708716928559357,0.0858015024940257,0.8287647361954265,-0.030429959497039333,-1.2417319855396396,0.3497485232216437,0.8570958564104885,16240,1015,1568,0.0037034335423720144,2,4.440892098500626e-16,-8,2.7669676340688585,-0.13631285118442565,0.11502718439285779,-0.38974532309330456,0.32888540409922595
event_study_player_club_game_fe,played,event_-7,0.0015708313892930786,0.03815866867576408,-0.07321878491320122,0.07636044769178738,0.9671637335236054,0.044397908554613875,-0.08544747036665286,0.08858913314523902,0.9717761328273127,0.004491316717576551,0.18327371174931467,0.3497485232216437,0.8570958564104885,16240,1015,1568,0.0037034335423720144,2,4.440892098500626e-16,-7,2.7669676340688585,-0.10401296979570333,0.10715463257428949,-0.29739359250928965,0.30637622594444275
event_study_player_club_game_fe,played,event_-6,0.005169018072044923,0.03950569193329227,-0.07226071530154245,0.08259875144563229,0.895900010464797,0.04850139059376107,-0.08989196069183651,0.10022999683592636,0.9151264411049265,0.014779242023472956,0.6030851780911338,0.3497485232216437,0.8570958564104885,16240,1015,1568,0.0037034335423720144,2,4.440892098500626e-16,-6,2.7669676340688585,-0.10414195286886999,0.11447998901295983,-0.2977623805515623,0.3273208645985082
event_study_player_club_game_fe,played,event_-5,-0.01250361629207633,0.04059499168786214,-0.09206833795298897,0.0670611053688363,0.7580756059309715,0.04611791220752163,-0.1028930632609988,0.07788583067684614,0.7862966061743843,-0.0357503047529739,-1.4588352281203865,0.3497485232216437,0.8570958564104885,16240,1015,1568,0.0037034335423720144,2,4.440892098500626e-16,-5,2.7669676340688585,-0.1248286443976852,0.09982141181353255,-0.356909711148597,0.28540910164264915
event_study_player_club_game_fe,played,event_-4,-0.039259444431061705,0.038661086885251106,-0.11503378232932768,0.03651489346720427,0.30987850600083977,0.044804283927770416,-0.12707422728259848,0.04855533842047509,0.38089789302466803,-0.11225049378173384,-4.580519686033717,0.3497485232216437,0.8570958564104885,16240,1015,1568,0.0037034335423720144,2,4.440892098500626e-16,-4,2.7669676340688585,-0.14623342054047553,0.06771453167835212,-0.4181101872667638,0.19360919970329615
event_study_player_club_game_fe,played,event_-3,-0.012857353655706852,0.03950357996285374,-0.09028294764329829,0.06456824033188459,0.7448230187702223,0.04520280579098352,-0.10145322500619312,0.07573851769477942,0.7760754535188576,-0.036761709634321606,-1.5001068503064943,0.3497485232216437,0.8570958564104885,16240,1015,1568,0.0037034335423720144,2,4.440892098500626e-16,-3,2.7669676340688585,-0.12216248084277423,0.09644777353136053,-0.3492866237646901,0.27576320449604685
event_study_player_club_game_fe,played,event_-2,0.012067365248946929,0.03711778169813144,-0.06068215006541064,0.0848168805633045,0.7450977547349851,0.04214130318285955,-0.07052807125104092,0.09466280174893478,0.7746063755211123,0.0345029769898401,1.4079364820972267,0.3497485232216437,0.8570958564104885,16240,1015,1568,0.0037034335423720144,2,4.440892098500626e-16,-2,2.7669676340688585,-0.09063633535821619,0.11477106585611005,-0.2591471567151632,0.32815311069484343
event_study_player_club_game_fe,played,event_+1,-0.02780402128002983,0.03919383742661231,-0.10462253105210798,0.049014488492048314,0.4780776647020417,0.04383473593754628,-0.11371852498944413,0.058110482429384464,0.5258902920378381,-0.07949717992778996,-3.243980363698511,0.3497485232216437,0.8570958564104885,16240,1015,1568,0.0037034335423720144,2,4.440892098500626e-16,1,2.7669676340688585,-0.13625210089442277,0.08064405833436311,-0.38957162603393375,0.23057726617835386
event_study_player_club_game_fe,played,event_+2,-0.01677666888148127,0.035847526461937534,-0.08703652968172537,0.05348319191876283,0.639784061113273,0.043476743712346076,-0.10198952072275781,0.06843618295979527,0.6995878768617196,-0.04796780477282962,-1.957385367809599,0.3497485232216437,0.8570958564104885,16240,1015,1568,0.0037034335423720144,2,4.440892098500626e-16,2,2.7669676340688585,-0.11596561436308937,0.08241227660012683,-0.331568560447071,0.23563295090141173
event_study_player_club_game_fe,played,event_+3,0.05004850348335746,0.04028095973673673,-0.02890072686335453,0.12899773383006946,0.21405753209986322,0.04498411418541726,-0.03811874019649769,0.1382157471632126,0.26588811161887627,0.14309854126715088,5.839312267003629,0.3497485232216437,0.8570958564104885,16240,1015,1568,0.0037034335423720144,2,4.440892098500626e-16,3,2.7669676340688585,-0.06140760837742393,0.16150461534413885,-0.1755764622300021,0.4617735447643039
event_study_player_club_game_fe,played,event_+4,0.023734430110539467,0.04479550606336731,-0.06406314844290606,0.111532008663985,0.5962231914709022,0.0520409486601917,-0.07826395498473422,0.12573281520581314,0.6483380580041194,0.06786141623105128,2.769168691345574,0.3497485232216437,0.8570958564104885,16240,1015,1568,0.0037034335423720144,2,4.440892098500626e-16,4,2.7669676340688585,-0.10021328531853319,0.14768214553961212,-0.28652954527280655,0.4222523777349091
event_study_player_club_game_fe,played,event_+5,0.13744475548333818,0.04317787525417719,0.052817675056187674,0.22207183591048868,0.0014564597927677614,0.04658205984842053,0.046145595854744634,0.2287439151119317,0.0031716331624294103,0.39298166070092677,16.03610079961836,0.3497485232216437,0.8570958564104885,16240,1015,1568,0.0037034335423720144,2,4.440892098500626e-16,5,2.7669676340688585,0.0179729721471672,0.25691653881950915,0.051388271726246326,0.7345750496756072
event_study_player_club_game_fe,played,event_+6,0.013752493364988932,0.0471436463463115,-0.07864735557367489,0.10615234230365275,0.7705047897313959,0.05098151165556776,-0.08616943335733283,0.1136744200873107,0.7873491114343778,0.03932109058906208,1.6045455432002997,0.3497485232216437,0.8570958564104885,16240,1015,1568,0.0037034335423720144,2,4.440892098500626e-16,6,2.7669676340688585,-0.11669245022724359,0.14419743695722145,-0.3336467275182543,0.41228890869637846
event_study_player_club_game_fe,played,event_+7,0.08083397630968632,0.04988357867478343,-0.01693604131285946,0.17860399393223209,0.10513508190202736,0.05707373705537406,-0.03102849278195592,0.19269644540132858,0.15668541873767028,0.23112027912255106,9.43114771878824,0.3497485232216437,0.8570958564104885,16240,1015,1568,0.0037034335423720144,2,4.440892098500626e-16,7,2.7669676340688585,-0.05719227135496695,0.21886022397433957,-0.163523982397841,0.6257645406429431
event_study_player_club_game_fe,played,event_+8,0.047234607081226704,0.04321574520973528,-0.03746669709491379,0.1319359112573672,0.27439585642369435,0.04872524878729498,-0.048265125679625376,0.14273433984207878,0.3323420605145495,0.13505305653940688,5.511006351033466,0.3497485232216437,0.8570958564104885,16240,1015,1568,0.0037034335423720144,2,4.440892098500626e-16,8,2.7669676340688585,-0.07234196119627712,0.16681117535873052,-0.20683993324664404,0.4769460463254578
event_study_player_club_game_fe,started,event_-8,-0.009434242206719928,0.05413748267316459,-0.1155417584597837,0.09667327404634385,0.8616575847748555,0.06278055607411921,-0.13248187104139086,0.11361338662795102,0.8805489863514941,-0.020688800330909512,-1.3380403353388846,0.4560072143296278,0.7050790590950701,16240,1015,1568,0.0028866736538791793,2,4.440892098500626e-16,-8,2.792535973195683,-0.16061511006979004,0.14174662565635018,-0.35222054612865916,0.31084294546684016
event_study_player_club_game_fe,started,event_-7,0.02231379928037039,0.046882763418788644,-0.06957472851616726,0.11420232707690804,0.6341107893545042,0.051562604274188,-0.07874704804612911,0.12337464660686989,0.6651952417821172,0.048932996187732926,3.164723018296546,0.4560072143296278,0.7050790590950701,16240,1015,1568,0.0028866736538791793,2,4.440892098500626e-16,-7,2.792535973195683,-0.10860800408941954,0.1532356026501603,-0.23817167947459603,0.3360376718500619
event_study_player_club_game_fe,started,event_-6,-0.021070610188326455,0.0474816834466416,-0.11413299966907564,0.07199177929242273,0.6572140041294974,0.05476170743068435,-0.1284015844843872,0.0862603641077343,0.7004085309620358,-0.04620674745091955,-2.9884039125157704,0.4560072143296278,0.7050790590950701,16240,1015,1568,0.0028866736538791793,2,4.440892098500626e-16,-6,2.792535973195683,-0.15366491928096312,0.11152369890431021,-0.3369791407946573,0.2445656458928182
event_study_player_club_game_fe,started,event_-5,-0.008305719361774017,0.05310156547439028,-0.11238287521427454,0.0957714364907265,0.8757083189922086,0.058089058602801814,-0.12215818211910213,0.1055467433955541,0.886303994809917,-0.018214008684016503,-1.1779841217286964,0.4560072143296278,0.7050790590950701,16240,1015,1568,0.0028866736538791793,2,4.440892098500626e-16,-5,2.792535973195683,-0.15659375118201477,0.13998231245846673,-0.3434019161565719,0.3069738987885389
event_study_player_club_game_fe,started,event_-4,-0.04911256454266527,0.04850720807175339,-0.14418494535389248,0.04595981626856195,0.3113087375051091,0.05483055782445454,-0.156578483130837,0.05835335404550647,0.37040488555992734,-0.10770128848699295,-6.965540092156266,0.4560072143296278,0.7050790590950701,16240,1015,1568,0.0028866736538791793,2,4.440892098500626e-16,-4,2.792535973195683,-0.18457068804232463,0.08634555895699408,-0.4047538772246408,0.18935130025065486
event_study_player_club_game_fe,started,event_-3,-0.003631134752955123,0.04617390002864853,-0.09413031583485919,0.08686804632894894,0.9373186389479378,0.0513340550792583,-0.1042440338886968,0.09698176438278655,0.9436083488486873,-0.00796288882905772,-0.5149968228549411,0.4560072143296278,0.7050790590950701,16240,1015,1568,0.0028866736538791793,2,4.440892098500626e-16,-3,2.792535973195683,-0.13257341160569733,0.12531114209978708,-0.2907265662465282,0.2748007885884128
event_study_player_club_game_fe,started,event_-2,-0.023574255567573588,0.04754782054115931,-0.1167662713716196,0.06961776023647243,0.6200348401184177,0.05058914112368477,-0.12272715017880988,0.0755786390436627,0.6412195216696222,-0.051697110981522285,-3.343491096988448,0.4560072143296278,0.7050790590950701,16240,1015,1568,0.0028866736538791793,2,4.440892098500626e-16,-2,2.792535973195683,-0.15635325487581359,0.10920474374066641,-0.34287452032018206,0.2394802983571375
event_study_player_club_game_fe,started,event_+1,-0.08362422795947289,0.04399821910234826,-0.16985915278397767,0.0026106968650319168,0.057350812570540866,0.04960391083282923,-0.1808461066841544,0.013597650765208621,0.09182673401300834,-0.18338356353069574,-11.860262601870485,0.4560072143296278,0.7050790590950701,16240,1015,1568,0.0028866736538791793,2,4.440892098500626e-16,1,2.792535973195683,-0.20649083755932587,0.0392423816403801,-0.4528236200448851,0.08605649298349366
event_study_player_club_game_fe,started,event_+2,0.0020395951616845043,0.045803149652701665,-0.08773292853610902,0.09181211885947803,0.9644822714025807,0.05072762155673875,-0.0973847161109011,0.10146390643427011,0.9679282591140075,0.004472725644665282,0.2892718391469762,0.4560072143296278,0.7050790590950701,16240,1015,1568,0.0028866736538791793,2,4.440892098500626e-16,2,2.792535973195683,-0.12586734792915025,0.12994653825251926,-0.2760205189169797,0.28496597020631026
event_study_player_club_game_fe,started,event_+3,0.021383228421744144,0.04867367251610196,-0.07401541670511275,0.11678187354860103,0.6604310149114405,0.05120303387613081,-0.07897287387465654,0.12173933071814483,0.6762275792328192,0.04689230290617099,3.032741952255444,0.4560072143296278,0.7050790590950701,16240,1015,1568,0.0028866736538791793,2,4.440892098500626e-16,3,2.792535973195683,-0.11453975302701663,0.15730620987050492,-0.2511796950304844,0.34496430084282637
event_study_player_club_game_fe,started,event_+4,0.051612760550923856,0.047196282561689284,-0.04089025347416292,0.14411577457601063,0.2741406205966297,0.05431649227560624,-0.05484560807581239,0.15807112917766009,0.3419991384242831,0.11318408772720695,7.3201380590094365,0.4560072143296278,0.7050790590950701,16240,1015,1568,0.0028866736538791793,2,4.440892098500626e-16,4,2.792535973195683,-0.08018455630370157,0.18341007740554927,-0.17584054327206244,0.4022087187264763
event_study_player_club_game_fe,started,event_+5,0.08727244142799764,0.052378721626032305,-0.015387966515274909,0.1899328493712702,0.09567732863260492,0.05620109296352308,-0.022879676672295027,0.1974245595282903,0.12045653281806157,0.19138390509083522,12.377681665940694,0.4560072143296278,0.7050790590950701,16240,1015,1568,0.0028866736538791793,2,4.440892098500626e-16,5,2.792535973195683,-0.05899702294270026,0.23354190579869555,-0.1293773894113304,0.5121451995930009
event_study_player_club_game_fe,started,event_+6,0.039833393031562525,0.05679373975359245,-0.07148029143281937,0.15114707749594442,0.4830724930006789,0.06265063245160805,-0.08295959018224558,0.16262637624537063,0.5249055293353169,0.08735255009094811,5.649493133817714,0.4560072143296278,0.7050790590950701,16240,1015,1568,0.0028866736538791793,2,4.440892098500626e-16,6,2.792535973195683,-0.11876516828265812,0.19843195434578317,-0.26044580995775196,0.4351509101396482
event_study_player_club_game_fe,started,event_+7,0.08438628768296366,0.054429654012408284,-0.0222938738723326,0.19106644923825994,0.12105191951938155,0.060350879131633825,-0.03389926185036854,0.20267183721629586,0.16203466955307677,0.1850547206956346,11.968344059355385,0.4560072143296278,0.7050790590950701,16240,1015,1568,0.0028866736538791793,2,4.440892098500626e-16,7,2.792535973195683,-0.06761047915528123,0.23638305452120856,-0.14826624893352797,0.5183756903247971
event_study_player_club_game_fe,started,event_+8,0.055129213688083795,0.04721968463110814,-0.03741966755022766,0.14767809492639525,0.24300652634320175,0.051407637492626716,-0.045627904327755514,0.1558863317039231,0.283543349026385,0.12089548576359425,7.81886980998118,0.4560072143296278,0.7050790590950701,16240,1015,1568,0.0028866736538791793,2,4.440892098500626e-16,8,2.792535973195683,-0.07673345428724102,0.1869918816634086,-0.16827245682953984,0.4100634283567283
event_study_player_club_game_fe,minutes_played,event_-8,-2.543486684323998,4.008876490165355,-10.400740223517433,5.313766854869437,0.5257782374965061,4.44224459935393,-11.25012610957526,6.163152740927265,0.5669372959086176,-0.07313514017928004,-4.117618536719768,34.7779012672843,61.77081877891058,16240,1015,1568,0.0038637156463341427,2,6.394884621840902e-14,-8,2.804613742834631,-13.786836781968415,8.699863413320418,-0.3964252091007499,0.25015492874218986
event_study_player_club_game_fe,minutes_played,event_-7,-0.8475722637243628,3.617961016812819,-7.938645554147399,6.243501026698674,0.8147769759050609,4.060735560463644,-8.806467712974174,7.111323185525448,0.8346638390941028,-0.024371000918381385,-1.372124055467006,34.7779012672843,61.77081877891058,16240,1015,1568,0.0038637156463341427,2,6.394884621840902e-14,-7,2.804613742834631,-10.99455545251755,9.299410925068825,-0.31613625468711565,0.26739425285035284
event_study_player_club_game_fe,minutes_played,event_-6,-2.309792116671698,3.666428461002815,-9.495859852129833,4.876275618786436,0.528704901018707,4.249628353944733,-10.638910638083605,6.019326404740209,0.586766298891277,-0.06641551193442854,-3.7392933464891893,34.7779012672843,61.77081877891058,16240,1015,1568,0.0038637156463341427,2,6.394884621840902e-14,-6,2.804613742834631,-12.592707765520219,7.973123532176823,-0.3620893529123399,0.22925832904348284
event_study_player_club_game_fe,minutes_played,event_-5,-1.3685984695975169,3.816410638925282,-8.848625872106563,6.11142893291153,0.7198877567709923,4.265021802101493,-9.72788759499456,6.990690655799526,0.748294530019999,-0.039352531916149944,-2.2156068134631486,34.7779012672843,61.77081877891058,16240,1015,1568,0.0038637156463341427,2,6.394884621840902e-14,-5,2.804613742834631,-12.072156195827658,9.334959256632624,-0.34712146955181505,0.2684164057195152
event_study_player_club_game_fe,minutes_played,event_-4,-3.1506319230992137,3.7177571968490533,-10.437302132187945,4.1360382859895175,0.3967415596510344,3.982341474632499,-10.95587778751904,4.654613941320612,0.4288561035412479,-0.09059292850609778,-5.100518311690055,34.7779012672843,61.77081877891058,16240,1015,1568,0.0038637156463341427,2,6.394884621840902e-14,-4,2.804613742834631,-13.577504849904424,7.276241003705996,-0.3904061014365129,0.20922024442431733
event_study_player_club_game_fe,minutes_played,event_-3,-2.411637409854178,3.5649105367011735,-9.398733669895831,4.575458850187475,0.49872762013646543,3.969216599124163,-10.191158990976092,5.367884171267737,0.5434625943189975,-0.06934396044544569,-3.904169408027249,34.7779012672843,61.77081877891058,16240,1015,1568,0.0038637156463341427,2,6.394884621840902e-14,-3,2.804613742834631,-12.409834493062268,7.5865596733539125,-0.3568310346759264,0.218143113785035
event_study_player_club_game_fe,minutes_played,event_-2,0.1935169094367275,3.5248841621436897,-6.715129098040547,7.102162916914002,0.9562179580883277,3.9074500190216024,-7.464944399235961,7.851978218109416,0.9605008233088728,0.005564364219377711,0.3132820857197329,34.7779012672843,61.77081877891058,16240,1015,1568,0.0038637156463341427,2,6.394884621840902e-14,-2,2.804613742834631,-9.692421653611598,10.079455472485053,-0.2786948407013075,0.2898235691400629
event_study_player_club_game_fe,minutes_played,event_+1,-4.876679044387897,3.326074960248268,-11.395666176354993,1.6423080875791989,0.14259479632647398,3.9615724989403835,-12.641218464455388,2.887860375679594,0.21832444109704752,-0.14022350017352564,-7.894794242314404,34.7779012672843,61.77081877891058,16240,1015,1568,0.0038637156463341427,2,6.394884621840902e-14,1,2.804613742834631,-14.20503458759834,4.451676498822545,-0.40845002343373343,0.12800302308668216
event_study_player_club_game_fe,minutes_played,event_+2,-0.6244927271941929,3.348441966795841,-7.187318386436504,5.938332932048118,0.8520507350968989,3.774531283682717,-8.022438101732053,6.773452647343668,0.8685905259004778,-0.017956596126795482,-1.0109834053347588,34.7779012672843,61.77081877891058,16240,1015,1568,0.0038637156463341427,2,6.394884621840902e-14,2,2.804613742834631,-10.01557908435403,8.766593629965644,-0.2879868744056653,0.2520736821520743
event_study_player_club_game_fe,minutes_played,event_+3,0.8575559340418408,3.600287625555607,-6.198878146032375,7.913990014116057,0.8117329950947734,3.9195677918891123,-6.824655773024003,8.539767641107684,0.8268148897595293,0.024658070291566067,1.388286493515968,34.7779012672843,61.77081877891058,16240,1015,1568,0.0038637156463341427,2,6.394884621840902e-14,3,2.804613742834631,-9.239860218748877,10.954972086832559,-0.2656819383014595,0.31499807888459164
event_study_player_club_game_fe,minutes_played,event_+4,6.809467854473288,3.7987588109099106,-0.6359626008643362,14.254898309810912,0.07304479168245903,4.316814411541272,-1.65133292009107,15.270268629037647,0.11469686755741137,0.19579869993129745,11.02376168728742,34.7779012672843,61.77081877891058,16240,1015,1568,0.0038637156463341427,2,6.394884621840902e-14,4,2.804613742834631,-3.844583312318788,17.463519021265363,-0.11054673146523081,0.5021441313278256
event_study_player_club_game_fe,minutes_played,event_+5,7.549501914021547,3.9650396313194425,-0.2218329606385332,15.320836788681627,0.05690800138206331,4.209991133809789,-0.7019290834785847,15.800932911521677,0.07293541417833671,0.21707755899357248,12.221793499358718,34.7779012672843,61.77081877891058,16240,1015,1568,0.0038637156463341427,2,6.394884621840902e-14,5,2.804613742834631,-3.5709027268609193,18.669906554904014,-0.10267734960246382,0.5368324675896088
event_study_player_club_game_fe,minutes_played,event_+6,3.5482494201776866,4.242763890910445,-4.767415000913811,11.863913841269184,0.40298270944730197,4.746683082137824,-5.755078466838025,12.851577307193399,0.4547486056823924,0.1020259788797416,5.744216266385493,34.7779012672843,61.77081877891058,16240,1015,1568,0.0038637156463341427,2,6.394884621840902e-14,6,2.804613742834631,-8.35106449587228,15.447563336227653,-0.24012560251093001,0.4441775602704132
event_study_player_club_game_fe,minutes_played,event_+7,8.281748535445951,4.093361924875049,0.25890658700330604,16.304590483888596,0.04305105409969334,4.539308719884636,-0.6151330702365492,17.17863014112845,0.06808384449272742,0.23813249890489,13.407218325999356,34.7779012672843,61.77081877891058,16240,1015,1568,0.0038637156463341427,2,6.394884621840902e-14,7,2.804613742834631,-3.1985505734546305,19.76204764434653,-0.09197077617974374,0.5682357739895237
event_study_player_club_game_fe,minutes_played,event_+8,4.4561859121210645,3.6899267071162227,-2.775937539419207,11.688309363661336,0.22717712877704432,4.064942675384505,-3.5109553308524557,12.423327155094585,0.27297019067508366,0.12813268626744348,7.214063210122882,34.7779012672843,61.77081877891058,16240,1015,1568,0.0038637156463341427,2,6.394884621840902e-14,8,2.804613742834631,-5.89263324070963,14.805005064951759,-0.16943613691412862,0.4257015094490156
event_study_player_club_game_fe,npxg_xa_per_club_match,event_-8,0.005352591022407206,0.02906572900234413,-0.051615191006588595,0.062320373051403005,0.8538920845183298,0.028312414953559538,-0.050138722601922744,0.060843904646737154,0.8500500586161697,0.018682359788688097,3.345231977196631,0.2865050819569444,0.16000657230631823,15632,977,1568,0.001368220369727724,2,3.885780586188048e-16,-8,2.881349527081941,-0.07839593349278891,0.08910111553760332,-0.27362842207654153,0.3109931416539177
event_study_player_club_game_fe,npxg_xa_per_club_match,event_-7,-0.001264705105550601,0.027149122096569195,-0.05447600662670678,0.051946596415605575,0.9628450661110777,0.028662296493062362,-0.05744177394616151,0.05491236373506031,0.9648052858803413,-0.004414250165868468,-0.79040822343812,0.2865050819569444,0.16000657230631823,15632,977,1568,0.001368220369727724,2,3.885780586188048e-16,-7,2.881349527081941,-0.07949081521919012,0.07696140500808892,-0.27744993099681176,0.2686214306650748
event_study_player_club_game_fe,npxg_xa_per_club_match,event_-6,-0.016627156758484325,0.02641942782192815,-0.06840828378161896,0.03515397026465032,0.5291177179354016,0.026675822306764012,-0.06891080773773196,0.03565649422076331,0.5330845231545183,-0.058034421745381225,-10.391546121401266,0.2865050819569444,0.16000657230631823,15632,977,1568,0.001368220369727724,2,3.885780586188048e-16,-6,2.881349527081941,-0.09275076261897247,0.05949644910200383,-0.32373164896569245,0.20766280547493002
event_study_player_club_game_fe,npxg_xa_per_club_match,event_-5,-0.022320968945462174,0.024395439624186284,-0.07013515199588863,0.025493214104964284,0.36021010076147064,0.026694104553991287,-0.07464045247083173,0.02999851457990738,0.40305591113556494,-0.07790775923764082,-13.950032566619,0.2865050819569444,0.16000657230631823,15632,977,1568,0.001368220369727724,2,3.885780586188048e-16,-5,2.881349527081941,-0.09261275736956737,0.04797081947864301,-0.3232499637946565,0.16743444531937482
event_study_player_club_game_fe,npxg_xa_per_club_match,event_-4,-0.031974910125766615,0.030242255938874234,-0.09124864257720267,0.02729882232566943,0.29037811904408795,0.03344038552150628,-0.09751686137705358,0.03356704112552035,0.3389830804896983,-0.11160329131813362,-19.983497968166905,0.2865050819569444,0.16000657230631823,15632,977,1568,0.001368220369727724,2,3.885780586188048e-16,-4,2.881349527081941,-0.1191134199731329,0.055163599721599677,-0.41574627283935267,0.19253969020308542
event_study_player_club_game_fe,npxg_xa_per_club_match,event_-3,-0.008256604678520893,0.02784262067285561,-0.06282713843252824,0.046313929075486454,0.766813502453946,0.03190934744529799,-0.07079777644148012,0.05428456708443834,0.7958266627420159,-0.02881835331549785,-5.160165960379655,0.2865050819569444,0.16000657230631823,15632,977,1568,0.001368220369727724,2,3.885780586188048e-16,-3,2.881349527081941,-0.08848092658697528,0.07196771722993349,-0.3088284716718291,0.2511917650408334
event_study_player_club_game_fe,npxg_xa_per_club_match,event_-2,-0.02797743474294926,0.027418354767751077,-0.08171642260308343,0.025761553117184914,0.307543193618949,0.03147445064864974,-0.08966622444748608,0.03371135496158756,0.3740603166084173,-0.09765074515206565,-17.485178477162158,0.2865050819569444,0.16000657230631823,15632,977,1568,0.001368220369727724,2,3.885780586188048e-16,-2,2.881349527081941,-0.1069792982863737,0.05102442880047519,-0.37339406880904963,0.17809257850491836
event_study_player_club_game_fe,npxg_xa_per_club_match,event_+1,-0.03252241096676473,0.027075404593089478,-0.08558922883607045,0.020544406902540988,0.22968172269785447,0.029680976434730867,-0.09069605580481928,0.025651233871289814,0.27319584884904,-0.11351425512114356,-20.325671938339816,0.2865050819569444,0.16000657230631823,15632,977,1568,0.001368220369727724,2,3.885780586188048e-16,1,2.881349527081941,-0.1105361151866153,0.04549129325308584,-0.38580856727430235,0.15878005703201525
event_study_player_club_game_fe,npxg_xa_per_club_match,event_+2,-0.0012315417348292418,0.022973322126990662,-0.046258425708968036,0.04379534223930955,0.9572479028575844,0.026877876079567938,-0.05391121083171301,0.05144812736205453,0.9634537933901677,-0.004298498743608032,-0.7696819681078885,0.2865050819569444,0.16000657230631823,15632,977,1568,0.001368220369727724,2,3.885780586188048e-16,2,2.881349527081941,-0.06742571258093487,0.06496262911127638,-0.2353386268766692,0.22674162938945314
event_study_player_club_game_fe,npxg_xa_per_club_match,event_+3,0.017357748345959607,0.027436810419749273,-0.036417411927402235,0.07113290861932145,0.5269657933692982,0.03065583031373056,-0.04272657498512351,0.07744207167704273,0.5712485791417554,0.06058443441002595,10.848147107813643,0.2865050819569444,0.16000657230631823,15632,977,1568,0.001368220369727724,2,3.885780586188048e-16,3,2.881349527081941,-0.061697292381621825,0.09641278907354103,-0.2153444956724838,0.33651336449253566
event_study_player_club_game_fe,npxg_xa_per_club_match,event_+4,0.015721568398832445,0.02792263707105169,-0.03900579461381184,0.07044893141147673,0.5734074801332651,0.030246687363102,-0.04356084948449024,0.07500398628215513,0.6032181825397567,0.054873610937187706,9.82557664489863,0.2865050819569444,0.16000657230631823,15632,977,1568,0.001368220369727724,2,3.885780586188048e-16,4,2.881349527081941,-0.06473330872072301,0.0961764455183879,-0.22594122337575515,0.3356884452501306
event_study_player_club_game_fe,npxg_xa_per_club_match,event_+5,0.015010945799208229,0.027316593894339745,-0.0385285944140044,0.06855048601242085,0.5826503730203454,0.027428732296377496,-0.03874838164328226,0.06877027324169872,0.5841926632508887,0.052393296819300585,9.381455763248974,0.2865050819569444,0.16000657230631823,15632,977,1568,0.001368220369727724,2,3.885780586188048e-16,5,2.881349527081941,-0.06369770909973703,0.09371960069815348,-0.22232662912872672,0.32711322276732785
event_study_player_club_game_fe,npxg_xa_per_club_match,event_+6,0.007709934598494592,0.027121904563835553,-0.0454480215387556,0.06086789073574479,0.7762037349783582,0.028503093444244457,-0.04815510200020426,0.06357497119719344,0.786779723802348,0.026910289150309838,4.81851119448682,0.2865050819569444,0.16000657230631823,15632,977,1568,0.001368220369727724,2,3.885780586188048e-16,6,2.881349527081941,-0.07043775229007451,0.08585762148706369,-0.24585166800168592,0.2996722463023056
event_study_player_club_game_fe,npxg_xa_per_club_match,event_+7,-0.025991545457340087,0.02273210803487522,-0.0705456584983691,0.01856256758368892,0.2528788850668513,0.02227573484253511,-0.06965118347787291,0.017668092563192732,0.2432871931852889,-0.09071931736710367,-16.24404865543998,0.2865050819569444,0.16000657230631823,15632,977,1568,0.001368220369727724,2,3.885780586188048e-16,7,2.881349527081941,-0.0914906941932034,0.03950760327852322,-0.31933358238634135,0.13789494765213403
event_study_player_club_game_fe,npxg_xa_per_club_match,event_+8,0.0026997219614158293,0.02736277662063751,-0.050930334732048284,0.056329778654879946,0.9214050250763499,0.028958370894345647,-0.05405764204245458,0.05945708596528624,0.9257226784762849,0.009422946158496204,1.6872569185767279,0.2865050819569444,0.16000657230631823,15632,977,1568,0.001368220369727724,2,3.885780586188048e-16,8,2.881349527081941,-0.07614200151410686,0.0815414454369385,-0.26576143429647564,0.28460732661346805
